;e_dz;g;e_tz_gas;g_tz_gas;e_tz_solv;g_tz_solv
00000396_noNi_00000;0.3081071497054999;0.0;0.3396708761166222;0.0;0.46517277008511865;0.0
00000396_noNi_00001;0.0;0.6130767522116004;0.0;0.5815130258004781;0.0;0.45601113183198166
