;e_dz;g;e_tz_gas;g_tz_gas;e_tz_solv;g_tz_solv
00000565_Ni_00001;1.172689697542969;0.1888803504924999;1.5881637176296897;0.6043543705792205;1.1126997922768216;0.1288904452263524
00000565_Ni_00002;1.172689697542969;0.18950786003225517;1.5878499629311515;0.6046681254204377;1.112511539429163;0.12932970191844897
00000565_Ni_00005;1.172689697542969;0.19201789790591794;1.590234498953935;0.6095626993168838;1.1146450716075083;0.1339732719704572
00000565_noNi_00000;1.172689697542969;0.18825284109542378;1.5884774723282278;0.6040406158806824;1.1133273016738976;0.1288904452263524
00000565_noNi_00001;1.172689697542969;0.18825284109542378;1.5889794800171035;0.6045426235695582;1.1137665583659944;0.12932970191844897
00000565_noNi_00002;0.0;0.0;0.0;0.0;0.0;0.0
