;e_dz;g;e_tz_gas;g_tz_gas;e_tz_solv;g_tz_solv
00000204_Ni_00006;0.004078811509032207;0.0;0.005459332296742987;0.0002510037017587956;0.0002510037017587956;0.00018825270497952942
00000204_noNi_00000;0.0039533096581528095;0.0;0.005271079449084322;0.00018825270497952942;0.0003137546985380618;0.0003765055526381934
00000204_noNi_00001;0.004016060512252941;0.0;0.005145577598204925;0.0;0.0;0.0
00000204_noNi_00002;0.0;0.025100378736627633;0.0;0.023970861650675652;0.01336595175572774;0.042482391004608315
00000204_noNi_00003;0.0039533096581528095;0.0018825283339075052;0.006400596535036307;0.0032002981248390188;0.0013177699336106479;0.003263049121618285
