;e_dz;g;e_tz_gas;g_tz_gas;e_tz_solv;g_tz_solv
00000135_noNi_00000;0.9171678413335078;0.5559733904430935;0.8250494511846015;0.46385500029418714;0.5862193468492656;0.2250248959588512
00000135_noNi_00001;0.0;0.0;0.0;0.0;0.0;0.0
00000135_noNi_00002;1.38472514744141;1.324672491178483;1.4808595982452482;1.4208069419823215;1.3062864636754299;1.246233807412503
00000135_noNi_00003;0.0;0.004392566278909836;0.00294929449441979;0.007341860773329626;0.0025727887991024625;0.006965355078012298
00000135_noNi_00004;0.9171678413335078;0.554718371506262;0.8241709378717479;0.46172146804450215;0.5854035845331912;0.22295411470594545
00000135_noNi_00005;0.9171678413335078;0.5584834283167562;0.8263672210468727;0.46768280803012097;0.5870978601621192;0.22841344714536757
00000135_noNi_00006;0.0;0.003765056810494145;0.0024472869482230646;0.006212343758717209;0.0024472869482230646;0.006212343758717209
00000135_noNi_00007;0.0;0.012550189439653385;0.006526098528594839;0.019076287968248222;0.006588849454034537;0.019139038893687923
