;e_dz;g;e_tz_gas;g_tz_gas;e_tz_solv;g_tz_solv
00000355_Ni_00004;0.4838098013612703;1.3685981541102605;0.7909756868998165;1.6757640396488067;1.0368338972386044;1.9216222499875946
00000355_Ni_00006;2.212159134506116;2.47301482123278;3.1249971605574927;3.3858528472841574;2.177646113671913;2.4385018003985777
00000355_Ni_00007;1.699860403293041;1.9126488645821162;2.384786989816587;2.597575451105662;2.475650360957322;2.6884388222463977
00000355_noNi_00000;0.0;0.0;0.0;0.0;0.0;0.0
00000355_noNi_00001;0.4838725522153704;1.3685981541102605;0.7921679549825477;1.676893556877438;1.0376496596260183;1.9223752615209084
00000355_noNi_00003;0.4838098013612703;1.3685981541102605;0.7912266907442543;1.6760150434932446;1.0373986557815804;1.9221870085305706
00000355_noNi_00005;1.6359171882260615;2.444776895082734;2.3508387275253604;3.159698434382033;2.7193122882636644;3.5281719951203376
00000355_noNi_00006;2.212159134506116;2.472387311835704;3.1251854134051515;3.38541359073474;2.177834366519572;2.43806254384916
00000355_noNi_00007;2.212159134506116;2.476152368646198;3.1250599115542723;3.3890531456943545;2.177897117516351;2.441890351656433
