;e_dz;g;e_tz_gas;g_tz_gas;e_tz_solv;g_tz_solv
00000960_noNi_00000;0.0;0.0;0.0;0.0;0.0;0.0
00000960_noNi_00001;2.6927686375998676;3.223516147455454;2.629013675380547;3.159761185236133;2.8268674114212042;3.3576149212767907
00000960_noNi_00002;2.692831388453968;3.2253986759320408;2.6337199965720135;3.1662872840500866;2.831385479765012;3.3639527672430853
