;e_dz;g;e_tz_gas;g_tz_gas;e_tz_solv;g_tz_solv
00000981_Ni_00000;0.010918664736165108;0.182605255808343;0.0;0.18379752389107426;0.0;0.2048190911186697
00000981_Ni_00001;0.010918664736165108;0.18511529368200577;0.000376505695317328;0.18668406746005436;0.0002510038444379302;0.20758013283677038
00000981_noNi_00000;0.0;0.05773087123692269;0.026041642974920953;0.09588344703074;0.04957324807617915;0.14043661935959362
00000981_noNi_00001;0.06883778882074647;0.0;0.05672685600185011;0.0;0.03570528877425468;0.0
