;e_dz;g;e_tz_gas;g_tz_gas;e_tz_solv;g_tz_solv
00000226_Ni_00005;1.7297298540752353;2.694525664225575;1.4691879221184485;2.4339837322687883;1.6243710140214807;2.58916682417182
00000226_noNi_00000;0.0;0.0;0.0;0.0;0.0;0.0
00000226_noNi_00001;2.561430905639311;3.308229925905591;2.7159237370771483;3.4627227573434283;3.0638149872799536;3.8106140075462336
00000226_noNi_00002;1.7297298540752353;2.6989182305044848;1.4711959524459144;2.440384328875164;1.6265672971966052;2.5957556736258547
00000226_noNi_00003;2.46855950409977;3.0848365545788887;2.821847335673879;3.4381243861529973;2.3603141204770353;2.976591170956154
00000226_noNi_00004;1.7297298540752353;2.6957806831624063;1.4682466578801552;2.4342974869673264;1.6237435045530648;2.5897943336402363
00000226_noNi_00006;2.4684967531029907;3.083581535642057;2.8203413128926096;3.435426095431676;2.3585570939226677;2.973641876461734
00000226_noNi_00007;2.46855950409977;3.082326516705226;2.8200275581940715;3.4337945707995274;2.358055086376471;2.9718220989819266
