;e_dz;g;e_tz_gas;g_tz_gas;e_tz_solv;g_tz_solv
00000962_noNi_00000;0.0;0.0018825284052470725;0.0;0.0;0.0;0.0
00000962_noNi_00001;0.0012550189368313817;0.0;0.0037023058850544463;0.0005647585429759919;0.01700550664400292;0.013867959301924465
