;e_dz;g;e_tz_gas;g_tz_gas;e_tz_solv;g_tz_solv
00001476_Ni_00003;0.0;0.0;0.0;0.0;0.0;0.0
00001476_noNi_00000;0.0;0.0012550189368313817;0.0020080301847869033;0.003263049121618285;0.0022590341719039677;0.0035140531087353493
00001476_noNi_00001;3.614140792507306;2.2684467341012273;4.7923525733437975;3.446658514937719;3.571532899509139;2.2258388411030605
00001476_noNi_00002;0.0;0.0006275095397552581;0.0013805207877107795;0.002008030327466038;0.0015687736353694436;0.0021962831751247015
