;e_dz;g;e_tz_gas;g_tz_gas;e_tz_solv;g_tz_solv
00001022_Ni_00001;0.03608179461225114;0.0;0.04430216848441569;0.0;0.02679465436555561;0.0
00001022_noNi_00000;0.0;0.08345875951330559;0.0;0.07523838564114103;0.0;0.09274589976000112
00001022_noNi_00001;0.13711081924119606;0.16126993373953039;0.16377997161319316;0.17971871223936292;0.16020316765035766;0.19364942239538752
