;e_dz;g;e_tz_gas;g_tz_gas;e_tz_solv;g_tz_solv
00000042_Ni_00001;6.547747564698636;7.616709946891339;6.558979984133339;7.6279423663260415;7.190693767621092;8.259656149813795
00000042_Ni_00002;7.285008441016462;7.776724861694038;7.482422920222343;7.974139340899919;8.006330576708118;8.498046997385694
00000042_noNi_00000;0.0;0.0;0.0;0.0;0.0;0.0
00000042_noNi_00001;0.7110937313493463;0.42356889225068484;0.529806245474614;0.24228140637595247;0.39865676621903673;0.11113192712037524
00000042_noNi_00002;0.7111564823461256;0.4279614584582551;0.5293042379284172;0.24610921404054675;0.39853126436815733;0.11533624048028686
