;e_dz;g;e_tz_gas;g_tz_gas;e_tz_solv;g_tz_solv
00000214_Ni_00002;4.1088692586047415;4.947912170942146;4.290847004873329;5.129889917210734;4.409509045614692;5.248551957952098
00000214_Ni_00003;6.609180741749274;6.7953000505236725;6.684795632943053;6.870914941717452;6.761540041080105;6.947659349854504
00000214_noNi_00000;0.0;0.0;0.0;0.0;0.0;0.0
00000214_noNi_00001;2.9275826813516113;4.153485181930374;3.080506739082739;4.306409239661503;3.451553088691486;4.677455589270249
00000214_noNi_00003;5.80891791474544;5.1951509020686455;5.799254268803428;5.185487256126633;5.837030338901928;5.2232633262251325
00000214_noNi_00004;5.808855163748661;5.200170977815971;5.799505272647866;5.190821086715175;5.837469595594024;5.2287854096613335
00000214_noNi_00007;7.136288696645245;6.675445741842257;7.251624937125532;6.790781982322544;7.252315197519388;6.7914722427164
