;e_dz;g;e_tz_gas;g_tz_gas;e_tz_solv;g_tz_solv
00000559_noNi_00000;0.0;0.005020075747325527;0.0006275093970761236;0.0056475851444016505;0.0006902603938553898;0.005710336141180917
00000559_noNi_00001;0.0;0.004392566350249403;0.0006275093970761236;0.005020075747325527;0.0006902603938553898;0.005082826744104793
00000559_noNi_00002;0.0;0.004392566350249403;0.0005020075461967258;0.004894573896446129;0.0006275095397552581;0.005020075890004662
00000559_noNi_00003;0.0;0.0;0.0;0.0;0.0;0.0
