;e_dz;g;e_tz_gas;g_tz_gas;e_tz_solv;g_tz_solv
00000100_Ni_00003;6.275099677926619e-05;0.0;0.004141562505811473;0.0;0.005020075747325527;0.0
00000100_Ni_00006;2.12719435235422;2.5238430883884697;2.195718386476428;2.5882883110016457;3.0183833016382464;3.41007471292195
00000100_Ni_00007;3.0052683537269567;2.9888276056972694;3.13704534237961;3.1165257828408905;3.64262972235911;3.6212316495788768
00000100_noNi_00000;0.0;0.0012550189368313817;0.0032002982675181533;0.000376505695317328;0.0039533096581528095;0.0002510038444379302
00000100_noNi_00001;2.12719435235422;2.525098107325301;2.197161658260918;2.5909866017229675;3.019450067727419;3.412396497947954
00000100_noNi_00002;6.275099677926619e-05;0.010667661034406311;0.0;0.006526098528594839;0.0;0.005647585287080785
00000100_noNi_00003;2.12719435235422;2.5294906735328713;2.197914669651553;2.596132179321172;3.020516833816592;3.417855830244697
