;e_dz;g;e_tz_gas;g_tz_gas;e_tz_solv;g_tz_solv
00001534_noNi_00000;0.0;0.0;0.0;0.0;0.0;0.0009412643809724545
00001534_noNi_00001;0.0066516003794742365;0.004392566207570269;0.004141562505811473;0.0018825283339075052;0.0013177697909315133;0.0
00001534_noNi_00002;0.0;0.006275094684156908;6.275099677926619e-05;0.006337845680936175;0.0;0.007216359065129363
