;e_dz;g;e_tz_gas;g_tz_gas;e_tz_solv;g_tz_solv
00000934_Ni_00007;0.2294802132345403;0.0;0.06852403412220841;0.0;0.0;0.0
00000934_noNi_00000;0.0;0.2083331440847259;0.0;0.3692893231970578;0.5850270788378739;1.0228404361571402
