;e_dz;g;e_tz_gas;g_tz_gas;e_tz_solv;g_tz_solv
00000126_noNi_00000;0.00043925654941745956;0.0;0.0;0.0;0.0;0.0
00000126_noNi_00001;0.0;0.025727888419062026;0.0059613399856188465;0.032128484954098334;0.004643570052008199;0.030810715020487687
