;e_dz;g;e_tz_gas;g_tz_gas;e_tz_solv;g_tz_solv
00001493_noNi_00000;6.275096110948255e-05;0.0;0.0;0.0;0.0;0.0
00001493_noNi_00001;0.7653105496202128;0.6356670931102351;0.5878508714814142;0.45827016593254605;0.5915531773664687;0.4619724718176005
00001493_noNi_00002;0.0;0.003765056810494145;0.0006902604295251734;0.004518068201128801;0.0012550189368313817;0.00508282670843501
