;e_dz;g;e_tz_gas;g_tz_gas;e_tz_solv;g_tz_solv
00001698_Ni_00003;0.0;0.0;0.0;0.0;0.0;0.0
00001698_noNi_00000;0.0;0.006902604152572599;0.0019452794020263387;0.008847883554598939;0.0018197774798073736;0.008722381632379973
00001698_noNi_00001;0.0;0.0012550189368313817;0.0001255019222189651;0.0013805208590503468;0.00031375476987762906;0.0015687737067090108
