;e_dz;g;e_tz_gas;g_tz_gas;e_tz_solv;g_tz_solv
00000062_Ni_00004;0.0010040150923934516;0.11734427095043203;0.03859183234323477;0.08709831461559947;0.0030120454198594893;0.09136537897229034
00000062_noNi_00000;0.03495227738362002;0.10479408143943908;0.13635780785056142;0.1383658383207066;0.06381771307342093;0.10567259482363227
00000062_noNi_00001;0.0;0.1449546875607224;0.0;0.07712091397504854;0.0;0.1169677652551147
00000062_noNi_00002;0.035077779377178556;0.11232419506042736;0.1441389251733085;0.15355156727088343;0.07348135887275466;0.12274085225039574
00000062_noNi_00003;0.012236434669775755;0.0;0.08007020825544964;0.0;0.040223356975383484;0.0
