;e_dz;g;e_tz_gas;g_tz_gas;e_tz_solv;g_tz_solv
00001187_noNi_00000;0.05829562963721955;0.24221865523649408;0.0;0.18197774626858776;0.0;0.18078547832853564
00001187_noNi_00001;0.0;0.0;0.0019452793306867714;0.0;0.003137547270738887;0.0
