;e_dz;g;e_tz_gas;g_tz_gas;e_tz_solv;g_tz_solv
00000830_Ni_00006;0.0;0.020080302989302107;0.0013177698622710806;0.16660376425673354;0.0010667660891727176;0.2801202273998922
00000830_noNi_00000;0.0;0.016315246178807963;0.0;0.16152093758396832;0.0002510037730983629;0.2755394082733237
00000830_noNi_00001;0.0;0.018197774584055033;0.000188252847658664;0.16359171883687404;0.0;0.27717093290547234
00000830_noNi_00002;0.7949917475547486;0.013805208305145198;0.6501625618449055;0.014181714000462527;0.5350145740695982;0.01280119314141218
00000830_noNi_00003;0.7949917475547486;0.0;0.6497860561495882;0.0;0.5360185892333311;0.0
