;e_dz;g;e_tz_gas;g_tz_gas;e_tz_solv;g_tz_solv
00001046_Ni_00000;0.054216818270866475;0.0671435131918185;0.06237444128893089;0.0751756343590035;0.0761796495940761;0.08910634451502811
00001046_noNi_00000;0.0;0.0;0.0001255018508793978;0.0;0.0;0.0
00001046_noNi_00001;0.0;0.003765056810494145;0.0005647585429759919;0.004204313502590739;0.0002510038444379302;0.004016060654932076
00001046_noNi_00002;0.0;0.003137547270738887;0.0;0.0030120454198594893;0.0;0.003137547270738887
