;e_dz;g;e_tz_gas;g_tz_gas;e_tz_solv;g_tz_solv
00000117_noNi_00000;0.0;0.0;0.0008785132415140537;0.0;0.0005020075461967258;0.0
00000117_noNi_00001;0.0;0.00753011362098829;0.0023217850260040993;0.008973385405478335;0.0019452793306867714;0.008973385405478335
00000117_noNi_00002;0.0;0.0012550189368313817;0.0;0.000376505695317328;0.0;0.000753011390634656
