;e_dz;g;e_tz_gas;g_tz_gas;e_tz_solv;g_tz_solv
00000265_Ni_00000;0.0;0.00753011362098829;0.0025727888704420296;0.009914649643771655;0.002447286876883497;0.009789147650213123
00000265_noNi_00000;0.0;0.0;0.000188252847658664;0.0;0.0002510038444379302;6.275099677926619e-05
00000265_noNi_00001;0.0;0.0006275093970761236;0.0;0.00043925654941745956;0.0;0.00043925654941745956
00000265_noNi_00002;0.0;0.0012550189368313817;0.0008785132415140537;0.0019452793306867714;0.0005020075461967258;0.0015687736353694436
00000265_noNi_00003;0.0;0.0;0.0006275093970761236;0.00043925654941745956;0.000188252847658664;0.0
00000265_noNi_00004;0.0;0.0012550189368313817;0.0013805207877107795;0.002447286876883497;0.0013805207877107795;0.002447286876883497
00000265_noNi_00005;4.496670111084392;4.105794462188102;4.914152161498579;4.523088259754631;4.642628813737508;4.25156491199356
00000265_noNi_00006;3.507338680740401;3.575548960021392;4.088475200774222;4.156497227207555;4.160074031313069;4.228096057746401
