;e_dz;g;e_tz_gas;g_tz_gas;e_tz_solv;g_tz_solv
00000684_Ni_00007;0.0;0.0006275093970761236;0.003451302111956083;0.3528485748106726;1.0951922780152823;1.5336958955143851
00000684_noNi_00000;0.4968619982757808;0.05898589017375407;0.08910634480038637;0.0;0.0;0.0
00000684_noNi_00001;1.2727774579336206;0.14307215908413579;0.8477025430443457;0.06676700749650116;0.7498110656861396;0.05798187493868149
00000684_noNi_00002;0.0;0.0;0.0;0.3487697633016404;1.0913017193539087;1.5291778274559356
00000684_noNi_00003;0.0;0.0018825283339075052;0.006212343687377642;0.35686463532292556;1.0978278177398244;1.5375864541757587
