;e_dz;g;e_tz_gas;g_tz_gas;e_tz_solv;g_tz_solv
00001132_Ni_00000;0.0;0.0;0.0;0.0;0.0;0.0
00001132_Ni_00001;0.0;0.0006275094684156908;0.0003765056239777607;0.0010040150923934516;0.0005647585429759919;0.0011922680113916828
00001132_Ni_00002;2.8760641538734055;2.386418514377396;2.918860299647892;2.429214660151882;2.838978344168761;2.3493327046727512
00001132_noNi_00000;1.039281184258167;0.6287644889219928;0.8680338498067461;0.45751715447057184;0.8081694464628175;0.3976527511266433
00001132_noNi_00001;2.285828746369208;2.447286932956397;2.491777354359811;2.653235540947;2.35523129380427;2.516689480391459
00001132_noNi_00002;1.039281184258167;0.6256269415799143;0.8672180874906718;0.453563844812419;0.8071026803736449;0.3934484376953921
