;e_dz;g;e_tz_gas;g_tz_gas;e_tz_solv;g_tz_solv
00000340_Ni_00002;0.0;0.0;0.0008157622447347876;0.0;0.0;0.0
00000340_Ni_00003;0.0;0.0031375475560971562;0.001694275628927976;0.004016060940290345;0.0016942753435697066;0.004831822899666863
00000340_Ni_00005;5.131772445401963;3.911894035948277;5.268883264785838;4.048189093087418;5.194774396230649;3.9748959867769633
00000340_noNi_00000;0.0;0.004392566350249403;0.002196283317803836;0.005773087423318452;0.0025100378736627633;0.006902604223912166
00000340_noNi_00001;6.275085410013161e-05;0.0025100378736627633;0.0;0.0016315247748278443;0.00012550170820026322;0.002572788727762895
00000340_noNi_00002;0.4326050285102633;0.6463347543229904;0.5339478079804254;0.7468617715484177;0.5299944981795934;0.7437242239923205
00000340_noNi_00003;4.3968333543955;4.0449260438231205;4.435048681043416;4.082325608226303;3.762233027196088;3.4103257166237086
00000340_noNi_00004;0.4326050285102633;0.6450797352434798;0.5302455021667105;0.7419044466551923;0.5266059472070957;0.7390806539403123
