;e_dz;g;e_tz_gas;g_tz_gas;e_tz_solv;g_tz_solv
00000920_noNi_00000;0.0;0.005020075747325527;0.0006275094684156908;0.0056475852157412175;0.0006902603938553898;0.005710336141180917
00000920_noNi_00001;3.7492435813496963;3.8717334298983332;3.925385489554884;4.0478753381035215;3.7912867158048873;3.9137765643535243
00000920_noNi_00002;0.0;0.0;0.0;0.0;0.0;0.0
00000920_noNi_00003;3.7492435813496963;3.8729884488351645;3.925259987704005;4.049004855189473;3.7910984629572284;3.914843330442697
00000920_noNi_00004;4.202995679081114;3.6131995282690124;4.557852284361932;3.96805613354983;4.408442279596859;3.818646128784758
