;e_dz;g;e_tz_gas;g_tz_gas;e_tz_solv;g_tz_solv
00000210_noNi_00000;0.0;0.0;0.0001255019222189651;0.0;0.0;0.0
00000210_noNi_00001;0.0;0.0006275094684156908;0.0;0.0005020075461967258;0.0001255019222189651;0.000753011390634656
