;e_dz;g;e_tz_gas;g_tz_gas;e_tz_solv;g_tz_solv
00000583_Ni_00001;0.06463347546083487;0.09349891100795664;0.004016060654932076;0.05785637308780209;0.02353160510125819;0.07128507569762996
00000583_Ni_00002;0.0;0.14307215922681493;0.019703797436663915;0.18775083354922706;0.0;0.16196019427606492
00000583_Ni_00003;0.03614454546635128;0.0;0.011169668580603037;0.0;0.017256510417101283;0.0
00000583_noNi_00000;0.028237926150045656;0.06337845652400348;0.042419640293187316;0.10253504755289337;0.012110932818896358;0.06613949824210417
00000583_noNi_00001;0.0;0.14369966862389105;0.01982929928754331;0.1885038447971826;0.0003137546985380618;0.1629014583716791
00000583_noNi_00002;0.029367443235997638;0.03325800189737118;0.03878008533357257;0.06764552088069435;0.01311494791128981;0.03589354162191334
00000583_noNi_00003;0.0;0.14307215922681493;0.01982929928754331;0.18787633540010645;0.000376505695317328;0.16233669997138223
00000583_noNi_00004;0.06526098485791099;0.07592864589231729;0.0;0.035642537920154545;0.018260525509494734;0.047816221593151034
