;e_dz;g;e_tz_gas;g_tz_gas;e_tz_solv;g_tz_solv
00001739_Ni_00003;0.1668547680298319;0.04267064399494611;0.16145818658718905;0.037274062552303255;0.06061741480590278;0.0
00001739_Ni_00004;0.1661645076359765;0.07090857014499177;0.16334071506377568;0.06808477757279094;0.048757485831444354;0.017068257569442618
00001739_Ni_00005;0.0;0.0;0.0;0.0;0.0;0.06356670922898301
00001739_noNi_00000;0.16698027002339044;0.09663645827869552;0.163717220759093;0.09337340901439811;0.06431972061961766;0.05754261810390576
00001739_noNi_00001;0.3730543799362124;0.2572788826211498;0.35378983919164503;0.23801434187658246;0.13974635896573823;0.08753757087965866
00001739_noNi_00002;0.3700423345163529;0.20958816287887816;0.3501502842320303;0.18969611259455557;0.13322026043714338;0.03633279802865167
00001739_noNi_00003;0.16528599439446245;0.10918664778968848;0.1617719412857271;0.10567259468095312;0.07260284563124061;0.08007020825544964
