;e_dz;g;e_tz_gas;g_tz_gas;e_tz_solv;g_tz_solv
00001828_Ni_00006;0.0;0.09663645842137467;0.0;0.09663645842137467;0.01769576696651874;0.11809728219838755
00001828_Ni_00007;0.008534128713381741;0.008157623018064414;0.011483423279141099;0.011106917583823771;0.008534128713381741;0.011922679828558559
00001828_noNi_00000;0.00891063440869907;0.0;0.00891063440869907;0.0;0.005145577598204925;0.0
00001828_noNi_00001;0.004204313359911604;0.037023058707865326;0.002447286876883497;0.03526603222483722;0.0;0.03658380215844787
00001828_noNi_00002;2.3043402757231406;3.3496455508210268;2.504766800348882;3.550072075446768;2.7132881972812664;3.7623585291896466
00001828_noNi_00003;0.0063378455382570404;0.03263049235761593;0.005208328594984191;0.031500975414343074;0.004016060512252941;0.03407376414210597
00001828_noNi_00004;2.3043402757231406;3.350900569757858;2.507465091070203;3.5540253851049206;2.7152962276087327;3.765621578453944
