;e_dz;g;e_tz_gas;g_tz_gas;e_tz_solv;g_tz_solv
00001017_Ni_00000;1.9366824772295712;1.4558219704340603;2.6053565685710884;2.125249073023533;3.0309962420033396;2.5335694851845827
00001017_Ni_00001;0.00589858898883958;0.0006275095397552581;0.008220374157522815;0.0037023059563940134;0.046623953653098925;0.024786624180768706
00001017_Ni_00005;0.0012550189368313817;0.09851898675528216;0.0;0.0980169790664063;0.051079270857448456;0.13177698865265336
00001017_noNi_00000;0.0;0.06965355120816039;0.0037023059563940134;0.07410886841250992;0.0;0.0530873011849145
00001017_noNi_00001;0.000188252847658664;0.05082826715568966;0.005710336283860051;0.05710336183984657;0.006588849525374105;0.04066261381015921
00001017_noNi_00002;0.007090856928891696;0.07090857014499177;0.007969370313084884;0.07254009477714048;0.057479867535163896;0.10473133072801807
00001017_noNi_00003;0.004769071902887597;0.09224389207112525;0.015499483934073174;0.10372731535026636;0.0645707244640556;0.13547929460904737
00001017_noNi_00004;0.0032002982675181533;0.0;0.0024472870195626317;0.0;0.019766548290764047;0.0
