;e_dz;g;e_tz_gas;g_tz_gas;e_tz_solv;g_tz_solv
00001075_Ni_00000;6.275099677926619e-05;0.0778111742262248;0.02447286933955151;0.184927040691668;0.023155099405940863;0.19697522237110593
00001075_Ni_00006;0.25257256171504144;0.10730411931310184;0.20469358912511115;0.14213089484584246;0.21203544989844078;0.1628387072322207
00001075_noNi_00000;0.0;0.01694275571856322;0.0;0.09964850384123415;0.0;0.11301445545428275
00001075_noNi_00001;0.13510278891373004;0.029492945086877036;0.08559229169165102;0.06268819598746896;0.07806217807066274;0.06852403397952926
00001075_noNi_00002;0.13504003791695077;0.03012045448395316;0.0868473106284824;0.06463347531815572;0.07937994800427338;0.07053206430699531
00001075_noNi_00003;0.20274830979442438;0.08973385419746249;0.15292405773112816;0.12261535025683722;0.16377997175587228;0.14683721589462992
00001075_noNi_00004;0.41748205041418657;0.4041160986584589;0.3550448581284764;0.4243846544954196;0.36313973029244073;0.4458454782724325
00001075_noNi_00005;0.224711141117634;0.0;0.14200539299496306;0.0;0.12863944138191447;0.0
00001075_noNi_00006;0.24874475390776804;0.05459332382350467;0.1511042802513208;0.039658598289728356;0.15110428039399992;0.053024550045456094
