;e_dz;g;e_tz_gas;g_tz_gas;e_tz_solv;g_tz_solv
00000282_Ni_00000;3.2782349731298384;3.1243696510177377;3.335338334969685;3.1816612657052428;1.4012286464678765;1.2475515772034345
00000282_noNi_00000;0.000188252847658664;0.0;0.0;0.0;0.0;0.0
00000282_noNi_00001;0.0;0.0025100378736627633;0.0006275095397552581;0.0033258002610766857;0.0008157622447347876;0.0035140529660562148
00000282_noNi_00002;0.0003137546985380618;0.0018825283339075052;0.0005647585429759919;0.0023217850260040993;0.0006902603938553898;0.002447286876883497
00000282_noNi_00003;0.3948917095512217;1.187247917238749;0.6019070837023369;1.394451544237523;0.7145450334613024;1.5070894939964883
00000282_noNi_00004;5.367088496985261;5.48945284354034;5.1733135725963155;5.2958661719990525;3.1942114550735567;3.3167640544762937
00000282_noNi_00005;0.3948917095512217;1.1885029361755803;0.602220838400875;1.3960203178728923;0.714984290153399;1.5087837696254163
