;e_dz;g;e_tz_gas;g_tz_gas;e_tz_solv;g_tz_solv
00000835_noNi_00000;0.0;0.0006275095397552581;0.0011295169432728493;0.0018197774798073736;0.0008785132415140537;0.0015687737780485781
00000835_noNi_00001;6.275099677926619e-05;0.0;0.0;0.0;0.0;0.0
