;e_dz;g;e_tz_gas;g_tz_gas;e_tz_solv;g_tz_solv
00000268_noNi_00000;0.0;0.0;0.0;0.0;0.0;0.0
00000268_noNi_00001;0.0;0.0006275095397552581;0.0003137546985380618;0.0009412642382933199;0.0003137546985380618;0.0009412642382933199
00000268_noNi_00002;3.426703713799296;3.496482766858336;3.338601384233982;3.408380437293022;3.233305295105667;3.303084348164707
00000268_noNi_00003;3.4266409628025167;3.493972728984673;3.338224878538665;3.405556644720821;3.2328660385562498;3.300197804738406
