;e_dz;g;e_tz_gas;g_tz_gas;e_tz_solv;g_tz_solv
00001015_Ni_00000;3.7572129515914416;2.555218561809254;4.30088715636798;3.098830015589013;4.499368401805714;3.28676910184322
00001015_Ni_00002;0.0;0.016942755575884087;0.0;0.01688000457910482;0.0;0.0063378453955779054
00001015_Ni_00003;2.5872842957665734;1.6616450765024442;2.5725378232231346;1.6468358529622265;2.2502489594458326;1.3140048300013976
00001015_Ni_00004;2.5872842957665734;1.6597625480258575;2.5717220608357207;1.644137562098226;2.2493076952075395;1.3111810372865176
00001015_noNi_00000;0.0007530112479555214;0.0;0.0008157622447347876;0.0;0.011357921428261702;0.0
00001015_noNi_00001;2.5872842957665734;1.6622725860421996;2.5714083061371826;1.6463338454160297;2.2489939405090014;1.3133773206043216
00001015_noNi_00002;2.5872842957665734;1.6622725860421996;2.5728515779216727;1.6477771172005198;2.2506882159952504;1.3150715960905703
