;e_dz;g;e_tz_gas;g_tz_gas;e_tz_solv;g_tz_solv
00000576_noNi_00000;0.0;0.3639554925371755;0.0;0.4592114301708394;0.0;0.559612945260029
00000576_noNi_00001;0.4128384803621784;0.0018825284765866398;0.31764529372529376;0.001945279473365906;0.21736928034430436;0.002070781181566169
00000576_noNi_00002;0.41277572936539914;0.0;0.3175197917317352;0.0;0.21711827664254557;0.0
