;e_dz;g;e_tz_gas;g_tz_gas;e_tz_solv;g_tz_solv
00001800_noNi_00000;0.0;0.17382012325052335;0.0;0.17363187040286468;0.0;0.17814993860399347
00001800_noNi_00001;0.01694275571856322;0.0;0.017131008566221885;0.0;0.012612940365093084;0.0
00001800_noNi_00002;0.0;0.17570265158443085;0.000376505695317328;0.17589090443208952;0.000376505695317328;0.1804089726332183
