;e_dz;g;e_tz_gas;g_tz_gas;e_tz_solv;g_tz_solv
00000888_Ni_00001;0.0;0.0;0.0;0.0;0.0003137546985380618;0.0
00000888_Ni_00002;0.0;0.0006275094684156908;0.0013805207877107795;0.0020080302561264704;0.0012550189368313817;0.0015687737067090108
00000888_noNi_00000;4.4864417066707425;3.468872350105366;3.6885634156183538;2.670994059052977;4.22539776716776;3.2075146559038448
00000888_noNi_00001;0.0;0.0025100378736627633;0.0;0.0025100378736627633;0.0;0.0021962831751247015
