;e_dz;g;e_tz_gas;g_tz_gas;e_tz_solv;g_tz_solv
00001905_noNi_00000;1.5360804316798478;0.5898589017375407;0.0;0.0;0.0;0.0
00001905_noNi_00001;0.0;0.0;6.405051911309817;7.351273441252125;7.289589260071691;8.235810790013998
