;e_dz;g;e_tz_gas;g_tz_gas;e_tz_solv;g_tz_solv
00001230_Ni_00003;7.172307740260718;8.16138816676027;7.597445406146772;8.589475127212085;7.427076585008204;8.419545562765613
00001230_Ni_00008;7.106168242161292;8.105539823999935;7.550758701639572;8.553079578043974;7.2539467222942156;8.256706855390714
00001230_noNi_00000;0.0;0.040160606121283346;0.0;0.04310990068704271;0.013052197057189678;0.05660135443632898
00001230_noNi_00001;2.3743075816298393;3.434359329271164;2.545178410314603;3.608179452521687;2.6603263980899103;3.723766696989091
00001230_noNi_00002;0.003388551257855952;0.0;0.00043925669209659413;0.0;0.0;0.0
00001230_noNi_00003;2.374244830775739;3.4337318198740876;2.5442371462189888;3.606673429883097;2.659322382997517;3.7221979233537215
