;e_dz;g;e_tz_gas;g_tz_gas;e_tz_solv;g_tz_solv
00001292_noNi_00000;0.0;0.0;0.0;0.0;0.0;0.0
00001292_noNi_00001;3.482238301861094;3.00765288974974;2.894638434152778;2.420053022041424;2.097826909118222;1.6232414970068683
00001292_noNi_00002;3.482238301861094;3.0057703612731532;2.8900576150262096;2.4135896744382688;2.093183339066214;1.6167153984782734
