;e_dz;g;e_tz_gas;g_tz_gas;e_tz_solv;g_tz_solv
00000451_Ni_00001;1.2309225763260885;0.3984685134427176;0.3443771970940701;0.08433727275481964;0.5968870078123323;0.2125374574446375
00000451_Ni_00004;0.0;0.0;0.0;0.5724141385441204;6.27509254396989e-05;0.44816726344111574
00000451_Ni_00005;6.27509254396989e-05;0.0;0.0002510037730983629;0.572602391391779;6.27509254396989e-05;0.44810451251567607
00000451_noNi_00000;0.8281242475299008;0.11295170460018263;0.14275840438559773;0.0;0.26706803041404203;0.0
00000451_noNi_00001;6.27509254396989e-05;0.0;6.27509254396989e-05;0.5724141385441204;0.0;0.44804176159023634
