;e_dz;g;e_tz_gas;g_tz_gas;e_tz_solv;g_tz_solv
00000875_Ni_00004;6.27509254396989e-05;0.0012550189368313817;0.0020707812529057366;0.0032630492642974195;0.0021962831751247015;0.22452288841265447
00000875_noNi_00000;1.9573902897586286;0.9575794512278896;1.5192004268867243;0.5193895883559851;0.778676501304601;0.0
00000875_noNi_00001;6.27509254396989e-05;0.0012550189368313817;0.0025727887991024625;0.003765056810494145;0.0026355397958817287;0.2249621450334115
00000875_noNi_00002;0.0;0.0018825284052470725;0.0013805208590503468;0.0032630492642974195;0.0014432717844900457;0.2244601374158752
00000875_noNi_00003;0.0;0.0;0.0;0.0;0.0;0.2211343372261381
00000875_noNi_00004;1.9573902897586286;0.9582069606963052;1.5191376758899449;0.5199543468276215;0.7786137503791613;0.0005647585429759919
