;e_dz;g;e_tz_gas;g_tz_gas;e_tz_solv;g_tz_solv
00000256_noNi_00000;0.0;0.0;0.0;0.0;0.0;0.0
00000256_noNi_00001;1.2425942525242277;0.8050946499748393;1.2862061606861277;0.8487065581367391;1.247551577274774;0.8100519747253855
00000256_noNi_00002;1.2425942525242277;0.8032121215695922;1.2859551568416898;0.8465730258870541;1.2477398301224327;0.8083576991677971
00000256_noNi_00003;1.2425942525242277;0.8050946499748393;1.2867081682323245;0.8492085656829358;1.2483673395908483;0.8108677370414599
00000256_noNi_00004;1.2425942525242277;0.8032121215695922;1.2852021455223948;0.845820014567759;1.2471123206540171;0.8077301896993814
