;e_dz;g;e_tz_gas;g_tz_gas;e_tz_solv;g_tz_solv
00001519_noNi_00000;0.0;0.0;0.0;0.0;0.0;0.0
00001519_noNi_00001;2.1869332539186086;1.5637535992512477;2.782627993755219;2.159448339087858;2.7287876812153398;2.1056080265479786
00001519_noNi_00002;2.1869332539186086;1.5624985803144162;2.7835692579578426;2.1591345843536502;2.7297916963790727;2.1053570227748803
