;e_dz;g;e_tz_gas;g_tz_gas;e_tz_solv;g_tz_solv
00001804_noNi_00000;0.0;0.0;0.0;0.0;0.010416657189968382;0.0
00001804_noNi_00001;0.0006902603938553898;0.01882528419514986;0.0015687737780485781;0.019703797579343048;0.0;0.007718366611326089
