;e_dz;g;e_tz_gas;g_tz_gas;e_tz_solv;g_tz_solv
00000937_noNi_00000;0.0;0.0753011364239016;0.0;0.0;0.0;0.0
00000937_noNi_00001;0.9400719370376899;0.06588849439766624;1.4136533339853108;0.46416875492138565;1.5043284524210667;0.5548438733571415
00000937_noNi_00002;0.9400719370376899;0.10165653416870019;1.4142180925282868;0.5005015532353956;1.5038891958003098;0.5901726565074183
00000937_noNi_00003;0.9400719370376899;0.0;1.413339579286773;0.39796650582518134;1.5055207203611187;0.49014764689952733
