;e_dz;g;e_tz_gas;g_tz_gas;e_tz_solv;g_tz_solv
00001630_noNi_00000;0.0;0.0012550189368313817;0.003890558661373543;0.005145577598204925;0.0037023059563940134;0.0049573248932253955
00001630_noNi_00001;1.0803203034782853;1.814129877684155;1.1524838925601084;1.886293466765978;1.3314495934088366;2.0652591676147063
00001630_noNi_00002;0.0;0.0006275093970761236;0.0038278078072734112;0.004455317204349535;0.0035140531087353493;0.004141562505811473
00001630_noNi_00003;0.0;0.0;0.0;0.0;0.0;0.0
00001630_noNi_00004;1.0803203034782853;1.814129877684155;1.1521701378615703;1.8859797120674402;1.3311358387102987;2.064945412916168
00001630_noNi_00005;1.0803203034782853;1.814129877684155;1.152044636010691;1.8858542102165607;1.3311358387102987;2.064945412916168
