;e_dz;g;e_tz_gas;g_tz_gas;e_tz_solv;g_tz_solv
00000749_noNi_00000;0.0;0.010667660963066745;0.0038905587327131104;0.014558219695779855;0.0038905587327131104;0.014558219695779855
00000749_noNi_00001;0.0;0.0;0.0;0.0;0.0;0.0
00000749_noNi_00002;0.0;0.008157623089403982;0.0039533096581528095;0.01211093274755679;0.00363955488827518;0.01179717797767916
