;e_dz;g;e_tz_gas;g_tz_gas;e_tz_solv;g_tz_solv
00000086_noNi_00000;6.275085410013161e-05;0.0018825283339075052;0.0021335321783454353;0.0039533096581528095;0.0019452793306867714;0.003765056810494145
00000086_noNi_00001;0.0;0.008157623160743548;0.004329815353470137;0.012487438514213686;0.004141562505811473;0.012299185666555022
00000086_noNi_00002;0.04731421404695431;0.016315246178807963;0.050138006619155136;0.019139038751008787;0.05628759945243265;0.0252886315842863
00000086_noNi_00003;0.04737696490105444;0.021962831465888746;0.05346380688023182;0.028049673445066127;0.059362395869071403;0.03394826243390571
00000086_noNi_00004;0.0;0.0;0.0;0.0;0.0;0.0
