;e_dz;g;e_tz_gas;g_tz_gas;e_tz_solv;g_tz_solv
00000878_noNi_00000;0.0;0.038905587184451966;0.002447286876883497;0.26468349439125866;0.0025100378736627633;0.7422182012110512
00000878_noNi_00001;1.3719867052254373;0.0;1.148656084895514;0.0;0.6711841290725009;0.0
00000878_noNi_00002;0.0;0.03576803991371308;0.0;0.2590986602436363;0.0003137546985380618;0.7368843707651876
00000878_noNi_00003;0.0;0.03702305885054446;0.0008785132415140537;0.26123219242198176;0.0009412642382933199;0.7387668992417743
00000878_noNi_00004;0.0;0.036395549310789206;0.0005647585429759919;0.26029092818368843;0.0010040150923934516;0.7382021405561191
00000878_noNi_00005;0.0;0.03576803991371308;0.000188252847658664;0.259286913091295;0.0;0.7365706160666495
00000878_noNi_00006;1.7541399724180076;2.9436469238286604;2.0592978276290874;3.4721353993696638;2.5099751290865453;4.400284656650134
00000878_noNi_00007;1.7541399724180076;2.9386268480813347;2.0550307632723968;3.4628482592656473;2.506210072133372;4.391499523949636
