;e_dz;g;e_tz_gas;g_tz_gas;e_tz_solv;g_tz_solv
00000266_noNi_00000;0.0;0.0;0.0;0.0;0.0;0.0
00000266_noNi_00001;0.0;0.0006275093970761236;0.0006275095397552581;0.0012550189368313817;0.0006275095397552581;0.0012550189368313817
00000266_noNi_00002;2.2983161848834217;3.3295652478317246;2.3997844662044634;3.4310335291527663;2.465861213307109;3.497110276255412
00000266_noNi_00003;2.2983161848834217;3.3320752857053875;2.400851232293636;3.4346103331156015;2.4673044850915993;3.5010635859135646
00000266_noNi_00004;2.2983161848834217;3.331447776165632;2.4007884812968565;3.4339200725790673;2.467241734237499;3.500373325519709
