;e_dz;g;e_tz_gas;g_tz_gas;e_tz_solv;g_tz_solv
00000193_noNi_00000;0.011232419577382304;0.0;0.006275094684156908;0.0;0.0;0.0
00000193_noNi_00001;0.0;0.26731903425847997;0.010165653345530452;0.28244201249723583;0.0035140531087353493;0.28206550694459764
00000193_noNi_00002;0.0006902605365345243;0.32128484868490853;0.0;0.3255519130415994;0.022841344707402803;0.3546683524331591
