;e_dz;g;e_tz_gas;g_tz_gas;e_tz_solv;g_tz_solv
00000479_Ni_00009;5.331194955220669;4.214353600509376;5.73192250276395;4.615081148052657;5.780366233825518;4.663524879114224
00000479_noNi_00000;0.0;0.0;0.0;0.0;0.0;0.0
00000479_noNi_00001;3.209208931461433;2.1209820085955027;3.8856641401256975;2.797437217259767;3.1703033442769812;2.0820764214110508
00000479_noNi_00002;3.209208931461433;2.1316496695585694;3.8956415406949088;2.818082278792045;3.1799042392222145;2.102344977319351
00000479_noNi_00003;4.56525689613204;3.598766810424112;4.519009448174259;3.5525193624663305;4.495038586452243;3.528548500744315
00000479_noNi_00004;5.331194955220669;4.213098581572544;5.7318597518385115;4.613763378190386;5.780679988595395;4.662583614947271
00000479_noNi_00005;8.479911973798417;5.898589018017463;9.004447139752608;6.4231241839716535;8.220876064551561;5.639553108770607
00000479_noNi_00007;8.479911973798417;5.896078980143801;9.00413338498273;6.420300391328113;8.220499558856243;5.636666565201627
