;e_dz;g;e_tz_gas;g_tz_gas;e_tz_solv;g_tz_solv
00000959_Ni_00004;6.41647258359218;6.287644889362606;5.809231669586658;5.678772450724936;5.140934083940458;5.015996948514938
00000959_noNi_00000;0.005710336283860051;0.0;0.0073418609160087606;0.0;0.0018197774798073736;0.0
00000959_noNi_00001;1.2481790868858689;1.8360927091500439;0.9734554408572801;1.5597375384893062;0.7858928601557116;1.377697041223939
00000959_noNi_00002;1.2481790868858689;1.836720218689799;0.9757772258832841;1.5626868330550656;0.7875871357846396;1.3800188263926223
00000959_noNi_00003;0.0;0.028237926150045656;0.0;0.026606401517896946;0.0;0.032128484954098334
00000959_noNi_00004;3.4915254421077897;4.12210970836691;2.9139029748973453;3.5428557165243175;2.442643362904389;3.0771181879675624
00000959_noNi_00008;3.4918391968063274;4.110814537935428;2.903737321551815;3.5210811380487668;2.4357407586804767;3.05860665861363
