;e_dz;g;e_tz_gas;g_tz_gas;e_tz_solv;g_tz_solv
00000460_noNi_00000;0.0;0.0;0.0;0.0;0.0;0.0
00000460_noNi_00001;4.558354291979468;4.677455589341588;5.786202071888917;5.905303369251038;5.555278586941227;5.674379884303347
