;e_dz;g;e_tz_gas;g_tz_gas;e_tz_solv;g_tz_solv
00000325_noNi_00000;0.0;0.0;0.0;0.0;0.0;0.0
00000325_noNi_00001;4.411830830783376;4.420176706649099;4.430781616686726;4.439127492552449;3.5977000443349394;3.6060459202006623
