;e_dz;g;e_tz_gas;g_tz_gas;e_tz_solv;g_tz_solv
00001783_noNi_00000;0.0;0.0;0.0;0.0;0.0;0.0
00001783_noNi_00001;0.37148560630084293;0.46623953624563097;0.40505736275407306;0.49981129269886104;0.2281624432295901;0.3229163731743781
00001783_noNi_00002;0.3705443420625496;0.46623953624563097;0.4042416005093383;0.4999367946924196;0.2321157528877429;0.32781094707082425
