;e_dz;g;e_tz_gas;g_tz_gas;e_tz_solv;g_tz_solv
00000777_Ni_00002;0.036709304009327266;0.011295170431482435;0.0077183664686469545;0.0;0.04700045934841625;0.0
00000777_noNi_00000;0.0;0.4869473487746883;0.00012550199355853238;0.5047686178774448;0.000188252847658664;0.4655492758517756
00000777_noNi_00001;0.031626477265222476;0.36897556842718016;0.022841344707402803;0.37788620297855835;0.07015555875435711;0.3859183241457434
00000777_noNi_00002;0.0;0.49384995285592137;0.0;0.5115457199651192;0.0;0.4722636270853499
00000777_noNi_00003;0.031626477265222476;0.3696030778242563;0.023029597555061464;0.37870196522329314;0.07009280775757784;0.38648308254604025
00000777_noNi_00004;0.03357175659590925;0.0;0.02447286933955151;0.008596879852840142;0.06494723015937293;0.009789147792892259
00000777_noNi_00005;0.031626477265222476;0.37148560630084293;0.022653091859744137;0.38020798800456246;0.0702810606052365;0.38855386387028557
00000777_noNi_00006;0.0;0.49259493391909;6.275099677926619e-05;0.5103534520250671;0.0;0.4710086081485185
00000777_noNi_00007;0.031626477265222476;0.3557978695191111;0.022841344707402803;0.36470850407048927;0.06977905305903978;0.372364119542357
