;e_dz;g;e_tz_gas;g_tz_gas;e_tz_solv;g_tz_solv
00001091_noNi_00000;0.0;0.0;0.0;0.0;0.0;0.0
00001091_noNi_00001;1.2177448775606985;0.8898084284963158;1.5570392479106638;1.229102798846281;1.2461083055616236;0.9181718564972409
00001091_noNi_00002;1.2990701048956588;0.4172937975665279;1.6753247829567102;0.7935484756275794;1.16377906313427;0.2820027558051392
00001091_noNi_00003;1.2990701048956588;0.4166662881694518;1.675011028258172;0.7926072115319651;1.1634025574389526;0.2809987407127458
00001091_noNi_00004;1.2177448775606985;0.8891809190992397;1.5551567194340772;1.2265927609726184;1.2445395319262542;0.9159755734647953
00001091_noNi_00005;3.049445020503172;1.7463588550952605;3.6992310766527603;2.3961449112448485;2.856046601809543;1.5529604364016316
00001091_noNi_00006;3.7917887234224237;4.349268136646786;3.988261938532691;4.545741351757053;4.354225461397332;4.911704874621695
