;e_dz;g;e_tz_gas;g_tz_gas;e_tz_solv;g_tz_solv
00000303_noNi_00000;0.0;0.0;0.0;0.0;0.0;0.0
00000303_noNi_00001;2.945780456007006;2.7823769899464508;2.8632629607319937;2.6998594946714385;2.440384328732485;2.27698086267193
00000303_noNi_00002;2.945843207003785;2.7842595182803582;2.865396492910339;2.7038128041869123;2.4428316157520475;2.281247927028621
00000303_noNi_00003;1.9359294659816157;2.1611426146454464;2.074734560709061;2.2999477093728915;2.213414153442947;2.4386273021067777
00000303_noNi_00004;1.9364314735278125;2.1429448399900517;2.0695889829681766;2.276102349430416;2.2099001004768906;2.41641346693913
