;e_dz;g;e_tz_gas;g_tz_gas;e_tz_solv;g_tz_solv
00000015_noNi_00000;0.005020075747325527;0.0;0.0032002982675181533;0.0;0.015185729092855978;0.0
00000015_noNi_00001;1.331512344405616;1.4112687979625276;1.1413142241221845;1.2228904551589035;1.2857669039940312;1.3553577042054121
00000015_noNi_00002;0.005271079449084322;0.004392566350249403;0.006149592833277511;0.007090857214249965;0.015185729092855978;0.004141562648490607
00000015_noNi_00003;4.419800200953781;4.320402700956985;4.4148428762032355;4.317265153686247;4.776288330866748;4.666725177524421
00000015_noNi_00005;1.331512344405616;1.4100137790256961;1.1428202467607746;1.2231414588606622;1.2867081682323245;1.3550439495068742
00000015_noNi_00006;0.0;0.038278077644696706;0.0;0.04009785512450408;0.0;0.028112424299166258
00000015_noNi_00007;1.331512344405616;1.4075037411520335;1.1375491671690112;1.215360341395236;1.2826921075773923;1.3485178509782794
00000015_noNi_00008;1.3314495934088366;1.4118963075022828;1.1413142241221845;1.223580715695438;1.2863316625370071;1.3566127232849228
00000015_noNi_00009;0.00043925654941745956;0.03388551143712644;0.001506022781269312;0.03677205514878567;0.0027610417181006936;0.02604164326027922
