;e_dz;g;e_tz_gas;g_tz_gas;e_tz_solv;g_tz_solv
00001291_noNi_00000;0.0;0.0031375474134180217;0.0005647584716364246;0.0037023058850544463;0.00043925662075702685;0.0035768040341750485
00001291_noNi_00001;0.0;0.0;0.0;0.0;0.0;0.0
00001291_noNi_00002;2.987258831919221;2.3788884008277473;2.785263533515431;2.1768931024239575;1.7676314260246146;1.1592609949331412
00001291_noNi_00003;3.2556446322668733;3.015810512839144;2.843810167068428;2.603976047640699;2.033193433728727;1.7933593143009976
00001291_noNi_00004;1.0535256491840692;1.0837088547361413;1.3432467714578553;1.3734299770099274;1.2186861416563128;1.2488693472083847
