;e_dz;g;e_tz_gas;g_tz_gas;e_tz_solv;g_tz_solv
00001274_noNi_00000;6.275085410013161e-05;0.0;0.0;0.0;0.0;0.0
00001274_noNi_00001;0.0;0.00753011362098829;0.005710336141180917;0.013303200616269339;0.005835838134739449;0.013428702609827871
00001274_noNi_00002;3.71240877541815;4.647335134786296;3.9589572461507934;4.893946356373039;4.567139424537287;5.502128534759533
00001274_noNi_00003;3.71234602456405;4.647962644183371;3.9569492159660067;4.892628586439429;4.565382398054259;5.501061768527681
