;e_dz;g;e_tz_gas;g_tz_gas;e_tz_solv;g_tz_solv
00001011_noNi_00000;6.27509254396989e-05;0.0;0.000188252847658664;0.0001255019222189651;6.27509254396989e-05;0.0
00001011_noNi_00001;0.0;0.0;0.0;0.0;0.0;0.0
