;e_dz;g;e_tz_gas;g_tz_gas;e_tz_solv;g_tz_solv
00001039_Ni_00000;0.0;0.052710795489597166;0.0;0.05446782197262527;0.03131272256668441;0.09224389207112525
00001039_noNi_00000;0.00822037401484368;0.0;0.006463347531815573;0.0;0.0;0.0
