;e_dz;g;e_tz_gas;g_tz_gas;e_tz_solv;g_tz_solv
00001004_Ni_00004;1.7553322403580596;1.4928450289992465;1.7095867999464747;1.4470995885876616;1.6846746740575058;1.4221874626986926
00001004_noNi_00000;0.0;0.0;0.0;0.0;0.0;0.0
00001004_noNi_00001;2.275851345728657;2.3694757585874933;2.159322837165639;2.252947250024475;2.273153055150015;2.3667774680088507
00001004_noNi_00002;1.7553322403580596;1.4934725385390017;1.7110300717309648;1.449170369911907;1.6859924439911165;1.4241327421720587
00001004_noNi_00003;7.625934335998576;7.16176558107719;7.663522153249417;7.199353398328031;7.811990893918875;7.347822138997489
00001004_noNi_00004;8.852276093269435;8.519068564613288;8.971565643407875;8.638358114751728;9.041846704155791;8.708639175499645
