;e_dz;g;e_tz_gas;g_tz_gas;e_tz_solv;g_tz_solv
00000348_Ni_00003;6.609682749438149;5.392816385118965;6.796115812911086;5.579249448591902;5.948915277555617;4.732048913236432
00000348_Ni_00004;4.097448586322379;3.384158571655229;4.500874424444304;3.787584409777154;4.114265840047384;3.400975825380234
00000348_noNi_00000;0.0;0.0025100378736627633;0.0016315244894695752;0.004141562363132338;0.0021335321783454353;0.004643570052008199
00000348_noNi_00001;2.5011899965287254;1.8386027470237065;2.5815739594827134;1.9189867099776943;2.368220739793341;1.705633490288322
00000348_noNi_00002;0.0;0.0;0.0;0.0;0.0;0.0
00000348_noNi_00003;2.4966719283275967;1.6679201711866012;2.7467344520262964;1.9179826948853007;2.442957117745606;1.6142053606046105
00000348_noNi_00004;0.0;0.0025100378736627633;0.0006275093970761236;0.003137547270738887;0.0011295170859519838;0.003639554959614747
00000348_noNi_00005;4.0973858353256;3.385413590592061;4.501815688682597;3.7898434439490574;4.115709111831874;3.403736867098335
00000348_noNi_00006;6.609682749438149;5.3909338567850575;6.794860793974255;5.5761119013211635;5.947785760469665;4.729036867816573
