;e_dz;g;e_tz_gas;g_tz_gas;e_tz_solv;g_tz_solv
00000219_noNi_00000;0.36175920950472995;0.5402856536613616;0.5315632721003212;0.7103407199587116;1.0945020176214268;1.2732794654798174
00000219_noNi_00001;0.36175920950472995;0.5358930874537914;0.5309985135573452;0.7053833952081654;1.0938117570848924;1.2681966387357126
00000219_noNi_00002;1.2986935990576622;1.0661385896205018;1.2900967193475013;1.0577927136120997;1.2745344845593278;1.0422304788239263
00000219_noNi_00003;0.36175920950472995;0.5358930874537914;0.5308102607096865;0.7051951423605067;1.0933097495386956;1.2676946311895159
00000219_noNi_00004;0.0;0.00753011362098829;0.00043925669209659413;0.00822037401484368;0.0008157622447347876;0.008596879567481874
00000219_noNi_00005;0.36175920950472995;0.5346380685169599;0.5310612645541245;0.7041911272681133;1.0936235042372338;1.2667533669512225
00000219_noNi_00006;0.0002510037017587956;0.0;0.0;0.0;0.0;0.0
00000219_noNi_00007;0.0002510037017587956;0.0012550189368313817;0.0018825284765866398;0.0031375474134180217;0.0015687736353694436;0.0028237925722008252
00000219_noNi_00008;0.0002510037017587956;0.0012550189368313817;0.0002510038444379302;0.001506022781269312;0.0005020075461967258;0.0017570264830281074
