;e_dz;g;e_tz_gas;g_tz_gas;e_tz_solv;g_tz_solv
00001083_noNi_00000;6.275099677926619e-05;0.0;0.0030747964166387555;0.0023845359514437984;0.0023217850260040993;0.0016315245608091425
00001083_noNi_00001;0.0;0.0006275094684156908;0.0;0.0;0.0;0.0
00001083_noNi_00002;3.7956792821551364;3.5692738654085745;3.7740929563845653;3.5470600301695874;3.8397304469377933;3.612697520722816
00001083_noNi_00003;3.7956792821551364;3.570528884345406;3.7760382357865914;3.550260328508445;3.8413619714986025;3.615584064220456
00001083_noNi_00004;3.0542768433314995;3.5768039790295627;3.1051678614126286;3.6270674876422766;3.3858528472841574;3.907752473513805
