;e_dz;g;e_tz_gas;g_tz_gas;e_tz_solv;g_tz_solv
00000574_noNi_00000;0.0;0.0018825284052470725;0.0002510037730983629;0.0021335321783454353;0.000188252847658664;0.0020707812529057366
00000574_noNi_00001;0.0;0.0018825284052470725;0.000376505695317328;0.0022590341005644006;0.000376505695317328;0.0022590341005644006
00000574_noNi_00002;0.0;0.0;0.0;0.0;0.0;0.0
