;e_dz;g;e_tz_gas;g_tz_gas;e_tz_solv;g_tz_solv
00001103_Ni_00004;0.0;0.003137547270738887;0.0010040150923934516;0.004141562363132338;0.002259034029224833;0.005396581299963721
00001103_noNi_00000;0.0;0.0;0.0;0.0;0.0;0.0
00001103_noNi_00001;0.0;0.0025100378736627633;0.0013805207877107795;0.003890558661373543;0.0021962831751247015;0.004706321048787465
00001103_noNi_00002;0.0;0.0025100378736627633;0.0013177699336106479;0.0038278078072734112;0.0018825283339075052;0.004392566207570269
00001103_noNi_00003;0.0;0.0018825283339075052;0.0009412642382933199;0.0028237925722008252;0.0013177699336106479;0.0032002982675181533
00001103_noNi_00004;1.3084827468505544;2.0852139687531293;1.615397628687342;2.3921288505899163;1.8478271362736227;2.6245583581761975
00001103_noNi_00006;0.0;0.0018825283339075052;0.00043925669209659413;0.0023217850260040993;0.0010667660891727176;0.002949294423080223
00001103_noNi_00007;3.087283841455772;3.595001753613618;3.413275011189468;3.9209929233473138;4.131898856159803;4.639616768317649
