;e_dz;g;e_tz_gas;g_tz_gas;e_tz_solv;g_tz_solv
00001460_Ni_00006;1.1991705972099866;1.6886279837156586;1.546497088727137;2.0361427280804674;2.003951492414948;2.493597131768279
00001460_noNi_00000;0.0;0.026355397673459017;0.02070781238637823;0.04725146290749591;0.019076287896908656;0.045619938418026335
00001460_noNi_00001;0.3477029973551468;0.995230019332831;0.4667415437918277;1.1144568186171706;1.1911384759001225;1.8388537507254652
00001460_noNi_00002;0.3477029973551468;0.9933474909989235;0.46598853240119303;1.1118212788926283;1.189883456963291;1.8357162034547265
00001460_noNi_00003;0.9940377513927788;0.6808477748718347;1.0168163451034025;0.7038146214301169;1.009223480628314;0.6962217569550284
00001460_noNi_00004;0.3477657483519261;0.9927199814591682;0.4637922492260683;1.108934735180969;1.1880636794834838;1.8332061654383844
00001460_noNi_00005;0.9940377513927788;0.6839853222852527;1.0187616244340891;0.7088974481742216;1.0120472732005148;0.7021830969406473
00001460_noNi_00006;0.000188252847658664;0.0;0.0;0.0;0.0;0.0
00001460_noNi_00007;0.3477029973551468;0.9914649625223368;0.46655329094416903;1.1105035089590176;1.190448215506267;1.8343984335211159
