;e_dz;g;e_tz_gas;g_tz_gas;e_tz_solv;g_tz_solv
00000952_Ni_00008;2.733996009810324;2.8997212608968828;2.765245981380229;2.8426806500538158;2.6169027427043297;2.608117610289189
00000952_Ni_00009;4.925510082784161;5.621857341732748;4.965356934206906;5.573413610742521;4.789215025930379;5.311051901377266
00000952_noNi_00000;0.0;0.0;0.08829058241297245;0.0;0.1745103835016996;0.0
00000952_noNi_00001;0.008345875865723077;0.2886543561846135;0.0001255018508793978;0.19214339975679734;0.0;0.1057980968171908
00000952_noNi_00002;0.008345875865723077;0.2873993372477821;0.0010040150923934516;0.19176689406148;0.0008785132415140537;0.10542159112187346
00000952_noNi_00003;0.008408626862502344;0.2873993372477821;0.0;0.1907001279723073;0.0;0.10448032688358015
00000952_noNi_00004;2.733996009810324;2.9009762798337144;2.767818770250671;2.846508457861089;2.6193500295812133;2.611819916102904
