;e_dz;g;e_tz_gas;g_tz_gas;e_tz_solv;g_tz_solv
00000525_Ni_00002;0.0;0.0;0.002761041646761126;0.002761041646761126;0.0026355397958817287;0.0026355397958817287
00000525_noNi_00000;0.0;0.0;0.0;0.0;0.0;0.0
00000525_noNi_00001;1.948040398657833;1.6854904364449197;2.8177057731680675;2.555155810955154;2.374872340172815;2.112322377959902
00000525_noNi_00002;1.948040398657833;1.684862926976504;2.8210943242832442;2.5579168526019154;2.3781981403625525;2.115020668681223
