;e_dz;g;e_tz_gas;g_tz_gas;e_tz_solv;g_tz_solv
00001480_noNi_00000;2.983054518559309;3.679088022666679;3.6051674071018276;4.301263662205977;3.672875678836622;4.368971933940771
00001480_noNi_00001;2.9831172694134094;3.6809705510005863;3.6062969241877796;4.304212956771736;3.674005195922574;4.3719212285065305
00001480_noNi_00002;0.0;0.005020075747325527;0.0006902603938553898;0.005773087137960183;0.0006902603938553898;0.005773087137960183
00001480_noNi_00003;1.6896947499475103;1.7507514213028306;1.9622848636550747;2.023404286007174;2.157879565381149;2.2189989877332486
00001480_noNi_00004;6.275099677926619e-05;0.0;0.0001255018508793978;0.0001255018508793978;6.275099677926619e-05;6.275099677926619e-05
00001480_noNi_00006;6.275099677926619e-05;0.0;0.0;0.0;0.0;0.0
00001480_noNi_00007;1.6897575008016106;1.7444763266186738;1.9619083579597574;2.0166899347736;2.1568755502887553;2.211657127102598
00001480_noNi_00008;1.6896947499475103;1.7432213076818424;1.960967093721464;2.0145564024525755;2.156122538898121;2.209711847629232
00001480_noNi_00009;1.6896947499475103;1.748241383429168;1.9616573542579987;2.0202667387364355;2.157063803136414;2.215673187614851
