;e_dz;g;e_tz_gas;g_tz_gas;e_tz_solv;g_tz_solv
00001415_Ni_00001;0.0;0.0;0.0;0.0;0.0;0.0
00001415_noNi_00000;0.23732408148272707;0.20268555894032425;0.24403843300165973;0.20939991045925688;0.12016806352263285;0.08552954098023002
00001415_noNi_00001;0.23732408148272707;0.20519559681398702;0.2455444556402499;0.21341597097150983;0.12142308245946423;0.08929459779072417
