;e_dz;g;e_tz_gas;g_tz_gas;e_tz_solv;g_tz_solv
00001210_Ni_00005;0.0;0.003137547270738887;0.0019452793306867714;0.005082826601425659;0.0015687736353694436;0.004706320906108331
00001210_noNi_00000;6.275113945840076e-05;0.003137547270738887;0.002572788727762895;0.005647584859043381;0.0025100378736627633;0.005584834004943249
00001210_noNi_00001;0.0;0.0025100378736627633;0.0016315244894695752;0.004141562363132338;0.0011922679400521155;0.003702305813714879
00001210_noNi_00002;0.0;0.005020075747325527;0.0025100378736627633;0.00753011362098829;0.0017570264830281074;0.006777102230353635
00001210_noNi_00003;0.0;0.0;0.0;0.0;0.0;0.0
00001210_noNi_00004;6.275113945840076e-05;0.004392566064891134;0.001819777337128239;0.006149592262560973;0.001255018794152247;0.00558483371958498
