;e_dz;g;e_tz_gas;g_tz_gas;e_tz_solv;g_tz_solv
00001647_noNi_00000;0.0;0.0;0.0;0.0;0.0;0.0
00001647_noNi_00001;1.881900900558408;3.0233406263887925;2.034260199889239;3.175699925719624;2.0538384953323447;3.1952782211627295
