;e_dz;g;e_tz_gas;g_tz_gas;e_tz_solv;g_tz_solv
00001665_Ni_00004;0.0017570264830281074;0.0;0.0;0.0006902603938553898;0.0;0.025978891978141686
00001665_noNi_00000;0.0016942754862488414;0.007530113763667425;0.0020707813242453036;0.010353906478547385;0.002008030327466038;0.035579787066054414
00001665_noNi_00001;0.15298680872790743;0.040160606121283346;0.1103789157297406;0.0;0.08509028414545429;0.0
00001665_noNi_00002;0.0017570264830281074;0.0025100378736627633;0.0008785132415140537;0.004078811509032207;0.0010667660891727176;0.029555695940977168
00001665_noNi_00003;0.0;0.06588849439766624;0.009349891100795664;0.0776856723753454;0.010730411888506444;0.10435482474734248
00001665_noNi_00004;0.1530495597246867;0.040160606121283346;0.11050441772329912;6.275099677926619e-05;0.08540403884399236;0.0002510037017587956
00001665_noNi_00005;0.0017570264830281074;0.005020075890004662;0.0020707813242453036;0.007781117608105355;0.002259034029224833;0.03325800189737118
00001665_noNi_00006;0.1530495597246867;0.040788115661038606;0.11069267057095779;0.0008785133841931883;0.08540403884399236;0.0008785132415140537
