;e_dz;g;e_tz_gas;g_tz_gas;e_tz_solv;g_tz_solv
00000280_Ni_00003;7.183791163539858;7.493718090796505;7.1945215754283645;7.504699506529449;7.717927224367942;8.407120875248179
00000280_noNi_00000;0.8664650762427163;0.1386795928765655;0.8169545790206373;0.08942009949892443;0.34851875974256075;0.0
00000280_noNi_00001;0.0;0.02447286933955151;0.024535620336330777;0.04925949352032022;0.024723873183989442;0.428463466147131
00000280_noNi_00002;0.0;0.023845359942475386;0.024974876885748235;0.049071240672661554;0.024912126031648104;0.4280242095977135
00000280_noNi_00003;0.0002510038444379302;0.0;0.0;0.0;0.0;0.3790157197791521
00000280_noNi_00004;0.0;0.02321785040272013;0.024723873183989442;0.0481927274311475;0.024723873183989442;0.4272084472102996
