;e_dz;g;e_tz_gas;g_tz_gas;e_tz_solv;g_tz_solv
00001759_noNi_00000;0.007279109919229494;0.0;0.037901572092058515;0.0;0.023343352253599528;0.0
00001759_noNi_00001;0.0;0.07404611741573065;0.0;0.043423655242901635;0.0;0.05798187508136062
00001759_noNi_00002;0.0;0.07341860801865453;0.000188252847658664;0.04298439869348417;0.0002510037017587956;0.0576053693860433
