;e_dz;g;e_tz_gas;g_tz_gas;e_tz_solv;g_tz_solv
00000953_Ni_00004;3.290847913566271;3.6157095661426752;3.3487670376508523;3.6736286902272566;3.221445366131209;3.5463070187076133
00000953_noNi_00000;0.001004015163733019;0.13491453606607137;0.0018825284052470725;0.13579304930758543;0.021335321997473056;0.15524584289981141
00000953_noNi_00001;0.0;0.0;0.0;0.0;0.0;0.0
00000953_noNi_00002;3.290847913566271;3.6150820566742596;3.3480140262602176;3.6722481693682063;3.220880607588233;3.5451147506962215
00000953_noNi_00003;3.290847913566271;3.616337075611091;3.3480140262602176;3.6735031883050375;3.220880607588233;3.546369769633053
00000953_noNi_00004;3.290847913566271;3.6150820566742596;3.3481395281824367;3.6723736712904254;3.2206296038151345;3.5448637469231232
