;e_dz;g;e_tz_gas;g_tz_gas;e_tz_solv;g_tz_solv
00000095_Ni_00001;0.4146582577706462;0.19327291670007019;0.4065006346812422;0.1851152936106662;0.5616837265842743;0.34029838551369834
00000095_Ni_00006;0.6534883620346426;0.6733176612508464;0.5094749387122135;0.5293042379284172;0.7206318752978006;0.7404611745140044
00000095_Ni_00007;0.4146582577706462;0.19390042616848588;0.40668888752890087;0.18593105592674056;0.5619974812828125;0.3412396496806521
00000095_noNi_00000;0.0;0.0;0.0;0.0;0.0;0.0
00000095_noNi_00001;0.4146582577706462;0.1957829546450725;0.4071908951464372;0.18831559202086348;0.5623739869781298;0.34349868385255605
00000095_noNi_00002;0.6534883620346426;0.6733176612508464;0.509349436861334;0.5291787360775378;0.720569124372361;0.7403984235885647
00000095_noNi_00003;0.0;0.0006275094684156908;0.0005020076175362931;0.0011295170859519838;0.0005020075461967258;0.0011295170146124165
00000095_noNi_00004;0.4146582577706462;0.19452793570824115;0.40982643487097936;0.18969611280857426;0.5650722776994512;0.3449419556370461
00000095_noNi_00005;0.0;0.0012550189368313817;0.000753011390634656;0.002008030327466038;0.0007530113192950887;0.0020080302561264704
