;e_dz;g;e_tz_gas;g_tz_gas;e_tz_solv;g_tz_solv
00001524_noNi_00000;0.0;0.0;0.0;0.0;0.0;0.0
00001524_noNi_00001;0.0;0.006902604081233032;0.0018825283339075052;0.008785132415140538;0.0016942754862488414;0.008596879567481874
