;e_dz;g;e_tz_gas;g_tz_gas;e_tz_solv;g_tz_solv
00000984_noNi_00000;0.0;0.0;0.0001255018508793978;0.0001255018508793978;0.0001255018508793978;0.0001255018508793978
00000984_noNi_00001;0.0;0.0006275093970761236;0.0003137546985380618;0.0009412640956141853;0.0002510038444379302;0.0008785132415140537
00000984_noNi_00002;0.0;0.0;0.0;0.0;0.0;0.0
00000984_noNi_00003;0.0;0.0006275093970761236;0.0003137546985380618;0.0009412640956141853;0.0005020075461967258;0.0011295169432728493
