;e_dz;g;e_tz_gas;g_tz_gas;e_tz_solv;g_tz_solv
00000957_Ni_00003;1.8418657962880038;2.142944840132731;2.115083419678003;2.4161624635227295;2.367404977405927;2.668484021250654
00000957_noNi_00000;0.0;0.0006275095397552581;0.00043925669209659413;0.0010667662318518522;0.0003137546985380618;0.0009412642382933199
00000957_noNi_00001;1.8418657962880038;2.1416898211958997;2.113953902592051;2.4137779274999462;2.366338211316754;2.66616223622465
00000957_noNi_00002;0.0;0.0;0.0;0.0;0.0;0.0
00000957_noNi_00003;0.0;0.004392566350249403;0.0026982907213214274;0.007090857071570831;0.002447286876883497;0.0068398532271329
