;e_dz;g;e_tz_gas;g_tz_gas;e_tz_solv;g_tz_solv
00000059_Ni_00002;0.0;0.0018825284052470725;0.0030120454911990563;0.004894573896446129;0.003137547342078454;0.005020075747325527
00000059_noNi_00000;3.283631554643821;3.1450774636181347;4.118972161096171;3.9804180700704856;4.154363695171888;4.015809604146202
00000059_noNi_00001;0.0;0.0006275094684156908;0.0013805208590503468;0.002008030327466038;0.0018197774798073736;0.0024472869482230646
00000059_noNi_00002;0.0;0.0025100378736627633;0.004204313431251172;0.006714351304913936;0.004141562505811473;0.0066516003794742365
00000059_noNi_00003;3.283631554643821;3.1406848973392245;4.112759817337454;3.9698131600328583;4.148151351413171;4.005204694108575
00000059_noNi_00004;0.0;0.0;0.0;0.0;0.0;0.0
