;e_dz;g;e_tz_gas;g_tz_gas;e_tz_solv;g_tz_solv
00001048_Ni_00007;0.0;0.3055971119031767;0.0;0.31921406750334236;0.0;0.334588049443857
00001048_noNi_00000;0.038215326790596575;0.0;0.024598371190430908;0.0;0.009224389249916266;0.0
00001048_noNi_00001;1.5724759808479578;1.2085832393075615;1.5712209619111264;1.2209451759708958;1.5926190348340392;1.2577172308343232
00001048_noNi_00002;1.5684599203357048;1.213603315054887;1.567393154246532;1.22615350456588;1.5929327896752563;1.2670671219351188
00001048_noNi_00003;1.5724759808479578;1.20732822037073;1.5711582110570264;1.2196274061799643;1.5924935329831598;1.2563367100466125
00001048_noNi_00004;0.038215326790596575;0.0;0.024661122187210175;6.275099677926619e-05;0.009349891100795664;0.0001255018508793978
00001048_noNi_00005;1.5724759808479578;1.2129758055151318;1.5729152375400544;1.2270320178073941;1.5938113029167704;1.2633020651246247
00001048_noNi_00006;0.03815257579381731;0.005020075747325527;0.024598371190430908;0.005082826744104793;0.009789147792892259;0.005647585287080785
