;e_dz;g;e_tz_gas;g_tz_gas;e_tz_solv;g_tz_solv
00000198_Ni_00004;7.209268048114482;7.942387361783817;7.626436343544772;8.362818706478405;7.592864586948863;8.329246949882496
00000198_Ni_00005;2.2480526762707083;3.3822760433213217;2.4162879650882507;3.5537743814031617;2.5934338885998507;3.730920304914762
00000198_Ni_00008;7.037581457042305;7.868968753907843;7.514739657881421;8.349390004011257;7.332448156914295;8.16709850304413
00000198_noNi_00000;0.0;0.14871974437121657;0.01449546869900059;0.16647826233451457;0.028739933696242382;0.18072272733175637
00000198_noNi_00001;2.2480526762707083;3.3810210243844905;2.4162879650882507;3.5525193624663305;2.594061397996927;3.7302927953750067
00000198_noNi_00002;0.0032630492642974195;0.0;0.0;0.0;0.0;0.0
00000198_noNi_00003;2.2480526762707083;3.3816485339242455;2.4162252142341507;3.5530841211519855;2.594061397996927;3.730920304914762
