;e_dz;g;e_tz_gas;g_tz_gas;e_tz_solv;g_tz_solv
00000986_noNi_00000;0.0;0.0018825283339075052;0.0015687736353694436;0.0034513019692769486;0.0016942754862488414;0.0035768038201563464
00000986_noNi_00001;0.0;0.0012550189368313817;0.0006275095397552581;0.0018825284765866398;0.0005020075461967258;0.0017570264830281074
00000986_noNi_00002;0.0;0.003765056810494145;0.004706321048787465;0.00847137785928161;0.004455317204349535;0.00822037401484368
00000986_noNi_00003;0.0;0.0;0.0;0.0;0.0;0.0
