;e_dz;g;e_tz_gas;g_tz_gas;e_tz_solv;g_tz_solv
00001657_Ni_00001;0.0;0.0025100378736627633;0.0003137546985380618;0.0028237925722008252;0.00043925654941745956;0.002949294423080223
00001657_noNi_00000;0.0;0.0;0.0;0.0;0.0;0.0
00001657_noNi_00001;0.0;0.0025100378736627633;6.275085410013161e-05;0.002572788727762895;0.00043925654941745956;0.002949294423080223
