;e_dz;g;e_tz_gas;g_tz_gas;e_tz_solv;g_tz_solv
00001541_Ni_00000;0.0;0.0;0.0003137545558589272;0.0003137545558589272;0.0002510037017587956;0.0002510037017587956
00001541_Ni_00002;0.0;0.001255018794152247;0.0008785130988349191;0.002133531892987166;0.0008785130988349191;0.002133531892987166
00001541_noNi_00000;0.0;0.0;0.0006902602511762552;0.0006902602511762552;0.0006902602511762552;0.0006902602511762552
00001541_noNi_00001;0.0;0.0;6.275085410013161e-05;6.275085410013161e-05;6.275085410013161e-05;6.275085410013161e-05
00001541_noNi_00002;0.0;0.0006275093970761236;0.0010040150923934516;0.0016315244894695752;0.0009412642382933199;0.0015687736353694436
00001541_noNi_00003;0.0;0.0;0.0;0.0;0.0;0.0
