;e_dz;g;e_tz_gas;g_tz_gas;e_tz_solv;g_tz_solv
00001441_Ni_00005;0.013491453606607137;0.22151084313547412;0.03012045448395316;0.4082576614496286;0.0047063211914666;0.3379766009870712
00001441_noNi_00000;0.0;0.2748491478794683;0.005333830588542724;0.4503007959048195;0.0;0.4001000381462059
00001441_noNi_00001;0.17011781743680846;0.00564758542975992;6.275085410013161e-05;0.005710336283860051;0.044615923468312016;0.005396581728001124
00001441_noNi_00002;0.17099633053564336;0.2804967333092282;0.006839853084453766;0.286458073294847;0.07078306815143323;0.3055343611917557
00001441_noNi_00003;0.17011781743680846;0.0;0.0;0.0;0.04486692717007081;0.0
00001441_noNi_00004;0.17005506629735007;0.008785132700498806;0.00012550199355853238;0.00897338583351574;0.04524343286538814;0.009224389535274536
00001441_noNi_00005;2.0358289735246085;2.433481724651252;2.156687297441097;2.7244578660045486;2.130959409307393;2.653863050700774
00001441_noNi_00006;2.0225885236197603;2.4962326717781793;2.1514162179920127;2.79517818358724;2.149345436667767;2.7482404750929237
