;e_dz;g;e_tz_gas;g_tz_gas;e_tz_solv;g_tz_solv
00000578_noNi_00000;0.0;0.0018825284052470725;0.0005020075461967258;0.0023845359514437984;0.0012550189368313817;0.003137547342078454
00000578_noNi_00001;0.0;0.0018825284052470725;0.0005647585429759919;0.0024472869482230646;0.0012550189368313817;0.003137547342078454
00000578_noNi_00002;0.0;0.0018825284052470725;0.0002510037730983629;0.0021335321783454353;0.0008785132415140537;0.002761041646761126
00000578_noNi_00003;0.0;0.0;0.0;0.0;0.0;0.0
