;e_dz;g;e_tz_gas;g_tz_gas;e_tz_solv;g_tz_solv
00000087_Ni_00004;2.7619201812618313;3.0591086662311664;2.8103011613979585;3.107552397292733;2.847575223878922;3.1448264597736966
00000087_noNi_00000;0.0;0.0018825284052470725;0.0006902603938553898;0.002635539724542161;0.0006275094684156908;0.0025727887991024625
00000087_noNi_00001;6.27509254396989e-05;0.0;0.0;0.0;0.0;0.0
00000087_noNi_00002;0.7853908526095149;1.0968865535728707;0.8162643185554422;1.1278227704442378;0.8921929644477595;1.203751416336555
00000087_noNi_00003;2.761857430265052;3.0616187041761687;2.810991421791814;3.11081544662837;2.8484537371917757;3.1482777620283318
00000087_noNi_00004;2.761857430265052;3.059736175699582;2.8105521651710568;3.108493661531026;2.8479517295742394;3.1458932259342087
