;e_dz;g;e_tz_gas;g_tz_gas;e_tz_solv;g_tz_solv
00000130_noNi_00000;0.0;0.0;0.0011922679400521155;0.0011922679400521155;0.0011295169432728493;0.0011295169432728493
00000130_noNi_00001;0.0;0.0;0.0;0.0;0.0;0.0
00000130_noNi_00002;1.887673987553689;1.6039142054082007;1.652985445795504;1.3692256636500157;1.561682817962672;1.2779230358171838
