;e_dz;g;e_tz_gas;g_tz_gas;e_tz_solv;g_tz_solv
00001289_noNi_00000;0.0;0.0;0.0;0.7272207248231748;0.0;0.8730539256254112
00001289_noNi_00001;1.117594366101928;0.19515544517665684;0.19791648682341795;0.0026982907213214274;0.05208328602118147;0.0026982907213214274
00001289_noNi_00002;1.117594366101928;0.19264540730299407;0.19772823397575928;0.0;0.051895033173522814;0.0
