;e_dz;g;e_tz_gas;g_tz_gas;e_tz_solv;g_tz_solv
00000275_noNi_00000;0.020582310678177968;0.0;0.020456808684619434;0.0;0.03608179446957201;0.0
00000275_noNi_00001;0.0205195596813987;0.003765056810494145;0.022841344707402803;0.006212343830056777;0.03834082864147598;0.006086841979177379
00000275_noNi_00002;0.0;0.04643570080544026;0.0009412642382933199;0.04750246703729211;0.0006902603938553898;0.03162647740790161
00000275_noNi_00003;0.0;0.04518068186860887;0.0;0.04530618386216741;0.0;0.029681198077214838
