;e_dz;g;e_tz_gas;g_tz_gas;e_tz_solv;g_tz_solv
00001527_noNi_00000;0.3335212833546843;1.2336836180441892;0.45757990553869066;1.365084101001525;0.6715606347678182;1.5842731588969765
00001527_noNi_00001;4.5926790600373515;3.7355638748954307;5.397648208161311;4.54787488379272;5.1116293916299;4.267064395927633
00001527_noNi_00002;0.0;0.03012045455529273;0.0;0.037462315328622355;0.0;0.04267064399494611
00001527_noNi_00003;0.3335212833546843;1.2305460707021108;0.4556346262080039;1.36000127432876;0.6694898535149125;1.5790648303019923
00001527_noNi_00004;3.1556196227303217;1.9258265634188458;3.5960685197741302;2.373617321235984;3.387798126614844;2.1705552567430213
00001527_noNi_00005;0.031500975414343074;0.0;0.02415911464101345;0.0;0.01895078597468969;0.0
