;e_dz;g;e_tz_gas;g_tz_gas;e_tz_solv;g_tz_solv
00001651_Ni_00008;0.9887039208755757;0.7448537409355933;1.074358963564006;0.8430589729923375;0.6332825571231215;0.566013542009084
00001651_Ni_00009;2.231800180946;1.8969611278003844;2.413840678211367;2.0915518144340655;2.440007823108507;2.281749934788836
00001651_Ni_00010;1.3458823112537373;1.8135023682870788;1.5129253321312277;1.9930955785328832;1.7035627091780954;2.347763931037382
00001651_noNi_00000;0.0;0.1650349906213641;0.0;0.1775851799896779;0.1861820597711785;0.5277982152184875
00001651_noNi_00001;0.1765811648259449;0.0;0.16403097545763107;0.0;0.0;0.0
00001651_noNi_00002;1.4871974438548448;1.0560984380545113;1.3176443851036914;0.8990955686716717;1.3601895271764186;1.10567168620203
00001651_noNi_00003;1.2129758055151318;1.2625490536626505;1.3678451427196259;1.4299685802354585;1.2625490536626505;1.488703466636114
00001651_noNi_00004;1.3458823112537373;1.8135023682870788;1.512862581205788;1.9930328276074436;1.7033117053336573;2.347512927192944
00001651_noNi_00005;2.231988433793659;1.9007261846108785;2.412836663118974;2.094124603304507;2.4379370418556014;2.283255957498766
