;e_dz;g;e_tz_gas;g_tz_gas;e_tz_solv;g_tz_solv
00001656_noNi_00000;0.0;0.0;0.0;0.0;0.0;0.0
00001656_noNi_00001;0.0;0.012550189368313817;6.275099677926619e-05;0.012612940365093084;0.00043925662075702685;0.012989445989070843
