;e_dz;g;e_tz_gas;g_tz_gas;e_tz_solv;g_tz_solv
00000994_Ni_00007;6.275099677926619e-05;0.0025100378736627633;0.0007530112479555214;0.002761041575421559;0.0007530112479555214;0.0032002981248390188
00000994_noNi_00000;0.0;0.0;0.00043925654941745956;0.0;0.0;0.0
00000994_noNi_00001;0.47540117449876795;0.8239199340986495;0.7307975286433311;1.0788770316937952;0.5746104216479055;0.9231291812477871
00000994_noNi_00002;0.0;0.006902604223912166;0.002070781181566169;0.008534128856060877;0.002259034029224833;0.009161638253137
00000994_noNi_00003;0.4753384235019887;0.8276849909091437;0.7323663024213797;1.0842736132791173;0.5766184519753715;0.9289650193825265
00000994_noNi_00004;0.0;0.0006275095397552581;0.0;0.00018825299033779856;0.0;0.0006275095397552581
00000994_noNi_00005;1.943271326612266;1.9848124536639395;1.924822548255113;1.9659244187573686;1.8826539118063634;1.9241950388580367
