;e_dz;g;e_tz_gas;g_tz_gas;e_tz_solv;g_tz_solv
00000985_noNi_00000;0.10548434183329447;0.8490203129779563;0.01863703120481206;0.7621730023494739;0.37374464033006777;1.1172806114747296
00000985_noNi_00001;0.0;0.0;0.000376505695317328;0.000376505695317328;0.00031375484121719634;0.00031375484121719634
00000985_noNi_00002;0.0;0.0;0.0;0.0;0.0;0.0
00000985_noNi_00003;6.275085410013161e-05;0.0012550189368313817;0.0008157622447347876;0.002008030327466038;0.0006902605365345243;0.0018825286192657744
00000985_noNi_00004;0.10548434183329447;0.8496478223750324;0.01926454074456732;0.7634280212863053;0.37449765172070243;1.1186611322624405
00000985_noNi_00005;0.10554709283007373;0.8496478223750324;0.0205195596813987;0.7646202892263574;0.37656843304494775;1.1206691625899063
