;e_dz;g;e_tz_gas;g_tz_gas;e_tz_solv;g_tz_solv
00000899_Ni_00003;4.968745485322083;4.341738022883119;5.866209529432946;5.239202066993982;5.50388556138524;4.876878098946276
00000899_Ni_00004;0.0;0.0;0.0;0.0;0.0;0.0
00000899_Ni_00005;4.968745485322083;4.344875570296537;5.867778303068316;5.243908388042769;5.50545433502061;4.881584419995063
00000899_Ni_00006;4.968745485322083;4.339855494549211;5.865017261350215;5.2361272705773425;5.502756044299288;4.873866053526416
00000899_Ni_00008;4.968745485322083;4.344875570296537;5.866272280287046;5.2424023652614995;5.504136565086999;4.880266650061452
00000899_Ni_00009;4.968682734325304;4.339227985009456;5.8648917594993355;5.235437010183487;5.5025677914516296;4.873113042135781
00000899_noNi_00000;0.0;0.0018825284765866398;0.0021335321783454353;0.004016060654932076;0.0023845360227833655;0.0042670644993700055
