;e_dz;g;e_tz_gas;g_tz_gas;e_tz_solv;g_tz_solv
00000051_Ni_00012;0.0019452793306867714;0.6049191291221965;0.0006902603938553898;0.6011540723117024;0.0;0.5970752608026701
00000051_Ni_00013;0.0;0.3438751895478734;0.0;0.3413651516742106;0.028237926150045656;0.36621452670907945
00000051_Ni_00017;0.007843868462205486;0.3250499054954027;0.0025727888704420296;0.31726878802997643;0.08132522733496016;0.39263267537931773
00000051_Ni_00021;0.017821268960077272;0.3903108903533137;0.010040151494651053;0.38001973501422465;0.0068398532271329;0.3734308856315297
00000051_Ni_00025;0.0033885511151768174;0.505772632827159;0.010981415732944373;0.5108554595712639;0.024598371190430908;0.5210838639135735
00000051_Ni_00026;0.022088333316768145;0.0;0.024598371190430908;0.0;0.027986922305607724;0.0
00000051_noNi_00000;0.014118963146362394;0.4574544035451321;0.010981415732944373;0.45180681825805136;0.016189744327928565;0.45362659573785874
00000051_noNi_00001;4.5611780846943475;5.5710290745770585;4.9554422845631345;5.962783236572183;5.3215940602754355;6.325546461169306
