;e_dz;g;e_tz_gas;g_tz_gas;e_tz_solv;g_tz_solv
00000339_noNi_00000;0.0;0.0;0.0;0.0;0.0;0.0
00000339_noNi_00001;6.026161693310205;5.566008998901073;6.891246248622532;6.431093554213399;5.284947507334227;4.824794812925094
