;e_dz;g;e_tz_gas;g_tz_gas;e_tz_solv;g_tz_solv
00000913_noNi_00000;1.3741202374037829;0.1970379735819039;1.0474388072762315;0.6258779453530127;0.5934357057717158;0.6361691006921016
00000913_noNi_00001;1.0060231822894563;0.0;0.2505017803907962;0.0;0.0;0.21379247645280847
00000913_noNi_00002;1.3741202374037829;0.1970379735819039;1.047187803503133;0.6256269415799143;0.5933102038494968;0.6360435987698826
00000913_noNi_00003;0.0;0.23029597555061465;0.0;0.9858173774492748;0.11564999532150405;1.5657616296143835
00000913_noNi_00004;1.0060231822894563;0.0006275094684156908;0.25069003323845485;0.0008157623160743549;0.0003137546985380618;0.21473374061976222
00000913_noNi_00005;1.5319388691026967;0.1637799716845327;0.7524466054820214;0.1398091099625175;0.14834323867589924;0.0
00000913_noNi_00006;1.5319388691026967;0.1650349906213641;0.7525721073329007;0.14118963075022828;0.1484687405981182;0.0013805208590503468
00000913_noNi_00007;1.0060231822894563;0.0006275094684156908;0.25200780317206545;0.0021335322496850028;0.0011922679400521155;0.21561225386127625
