;e_dz;g;e_tz_gas;g_tz_gas;e_tz_solv;g_tz_solv
00000862_Ni_00007;3.2534483490917485;2.828812690751891;3.3303182592223592;2.9056826008825016;3.4748964410877643;3.0502607827479067
00000862_Ni_00008;3.2534483490917485;2.830695219157138;3.331196772463873;2.908443642529263;3.4756494524070596;3.052896322472449
00000862_noNi_00000;0.0;0.0;0.0;0.0;0.0;0.0
00000862_noNi_00001;1.6600763028670749;0.8245474435670652;1.8913762935814225;1.0558474342814128;1.16679110848279;0.3312622491827803
00000862_noNi_00002;0.0;0.0006275094684156908;0.0030747964166387555;0.0037023058850544463;0.0028865435689800914;0.0035140530373957823
00000862_noNi_00003;3.2534483490917485;2.828812690751891;3.330820266768556;2.9061846084286986;3.4754611995594007;3.050825541219543
00000862_noNi_00004;3.2534483490917485;2.8275576718150597;3.330067255449261;2.904176578172572;3.4748964410877643;3.0490057638110755
