;e_dz;g;e_tz_gas;g_tz_gas;e_tz_solv;g_tz_solv
00000120_Ni_00004;7.177578819852481;9.38189408575371;7.550633199646014;9.754948465547244;7.44929042046121;9.643942040563108
00000120_Ni_00007;7.160824316981576;8.815880543958647;7.524528805816993;9.179585032794064;7.280364870964454;8.92575745214219
00000120_noNi_00000;0.01129517057416157;1.0222129265460453;0.02020580498286064;1.0311235609547442;0.0;1.00125411017255
00000120_noNi_00001;2.3672167248436264;4.479162596822853;2.462096156639294;4.57404202861852;2.6079921084383098;4.7102743346182026
00000120_noNi_00002;0.0;0.0;0.0;0.0;0.009663645799333726;0.0
00000120_noNi_00003;2.3827162086350206;4.353033193171922;2.4554445561171407;4.425761540654042;2.633280740022596;4.593934078760164
