;e_dz;g;e_tz_gas;g_tz_gas;e_tz_solv;g_tz_solv
00000548_Ni_00004;0.0021335321783454353;0.0;0.0015060227099297446;0.0;0.005333830517203156;0.0
00000548_Ni_00006;0.0024472869482230646;0.0056475852157412175;0.0042670643566908705;0.008094872092624715;0.018197774655394603;0.018197774584055033
00000548_Ni_00008;5.926638691319851;5.89921652741454;6.101211825818329;6.074417171381434;5.910574448914141;5.8799519866699725
00000548_noNi_00000;0.0010667660891727176;0.15562234852378917;0.0;0.15518309190303214;0.0;0.15135528409575874
00000548_noNi_00001;0.0068398532271329;0.10479408143943908;0.008157623089403982;0.10673936077012584;0.019703797365324346;0.1144577272387728
00000548_noNi_00002;0.0;0.059613399642169766;0.002761041646761126;0.06300195075734659;0.01562498585629214;0.07203808715960419
00000548_noNi_00003;0.0023845359514437984;0.16440748108160885;0.005396581442642855;0.1680470360412236;0.01104416672972364;0.16986681352103097
