;e_dz;g;e_tz_gas;g_tz_gas;e_tz_solv;g_tz_solv
00000897_noNi_00000;2.961028936096641;2.85516808842535;2.223956312626474;2.118095464955183;1.4412637507382804;1.3354029030669896
00000897_noNi_00001;2.7447264218415093;2.5213330503721276;1.92231251038145;1.6989191389120684;0.8045926424999821;0.5811992710306004
00000897_noNi_00002;0.0;0.0;0.0;0.0;0.0;0.0
