;e_dz;g;e_tz_gas;g_tz_gas;e_tz_solv;g_tz_solv
00001805_Ni_00004;0.007467362624209024;0.0012550189368313817;0.0008785132415140537;0.0008785132415140537;0.0012550189368313817;0.0012550189368313817
00001805_Ni_00009;6.275085410013161e-05;0.483182291821515;0.2456699574911293;0.7350018421459218;0.6607674718825325;1.150099356537325
00001805_Ni_00011;1.221886439923831;3.538525901313527;2.213288651592068;4.536140456669141;3.5490680604970537;5.871919865574127
00001805_noNi_00000;0.007467362624209024;0.0;0.0014432717844900457;0.000188252847658664;0.0018197774798073736;0.0005647585429759919
00001805_noNi_00001;0.0;0.4825547824244389;0.2455444556402499;0.7343115817520665;0.6605164681807737;1.1492835942925903
00001805_noNi_00002;0.007467362624209024;0.0006275093970761236;0.0008785132415140537;0.0002510037017587956;0.0008785132415140537;0.0002510037017587956
00001805_noNi_00003;0.007467362624209024;0.0012550189368313817;0.0;0.0;0.0;0.0
00001805_noNi_00006;1.2225139494635862;3.5096604656237256;2.21429266682714;4.507651526674658;3.557225683515118;5.850584543362635
00001805_noNi_00007;1.2132268092168905;3.636417378671733;2.205946790818738;4.635349703960958;3.557978694905753;5.987381608047972
