;e_dz;g;e_tz_gas;g_tz_gas;e_tz_solv;g_tz_solv
00000012_noNi_00000;0.0;0.0056475852157412175;0.0014432717844900457;0.004141562434471906;0.0015687737067090108;0.004455317204349535
00000012_noNi_00001;0.0;0.003765056810494145;0.0;0.0008157622447347876;0.0;0.0010040150923934516
00000012_noNi_00002;0.0;0.0;0.0029492945657593576;0.0;0.0027610417181006936;0.0
