;e_dz;g;e_tz_gas;g_tz_gas;e_tz_solv;g_tz_solv
00001056_noNi_00000;0.0;0.014432717702221322;0.00043925669209659413;0.014934725391097184;0.000376505695317328;0.014871974394317916
00001056_noNi_00001;6.275099677926619e-05;0.0;0.0;0.0;0.0;0.0
