;e_dz;g;e_tz_gas;g_tz_gas;e_tz_solv;g_tz_solv
00001661_noNi_00000;0.0;0.0012550189368313817;0.0;0.0005647585429759919;0.0;0.0005647585429759919
00001661_noNi_00001;0.0;0.0;0.0006902603938553898;0.0;0.0006902603938553898;0.0
00001661_noNi_00002;1.530997604935743;1.271961695688886;1.779616856921292;1.5198906872805795;1.7553949913548388;1.4956688217141265
