;e_dz;g;e_tz_gas;g_tz_gas;e_tz_solv;g_tz_solv
00000745_Ni_00005;0.0;0.15499483905537348;0.0;0.13252999990060887;0.0;0.1674195265728079
00000745_Ni_00006;0.10950040248822654;0.0;0.13196524164299114;0.0;0.09707571497079212;0.0
00000745_Ni_00007;0.10950040248822654;0.0012550189368313817;0.13196524164299114;0.0012550189368313817;0.09707571497079212;0.0012550189368313817
00000745_noNi_00000;0.0;0.1568773675319601;0.0014432717844900457;0.13585580016168555;0.0012550189368313817;0.1705570739862259
00000745_noNi_00001;0.06846128312542914;0.09475392994478803;0.06137042619653744;0.06519823386113172;0.020268555836960772;0.05898589017375407
00000745_noNi_00002;0.5291787360775378;0.4154112690899413;0.5354538307616947;0.3992215246193336;0.5756144368829781;0.47427165741281596
