;e_dz;g;e_tz_gas;g_tz_gas;e_tz_solv;g_tz_solv
00000132_Ni_00003;0.14903349906975463;0.10353906264528683;0.1523592993308313;0.10692761376046364;0.1723768514660333;0.12694516589566562
00000132_noNi_00000;6.275085410013161e-05;0.0;0.0;0.0;0.0;0.0
00000132_noNi_00001;0.14903349906975463;0.10040151523186881;0.15116703124810008;0.10259779826431437;0.1712473343800813;0.12267810139629562
00000132_noNi_00002;0.0;0.0025100378736627633;0.0006275093970761236;0.0032002981248390188;0.0006902603938553898;0.003263049121618285
00000132_noNi_00003;0.14903349906975463;0.10416657204236295;0.15210829548639337;0.10730411931310184;0.17212584762159536;0.1273216714483038
