;e_dz;g;e_tz_gas;g_tz_gas;e_tz_solv;g_tz_solv
00001521_noNi_00000;0.3780744556835379;0.0;0.46969083828624747;0.0;0.5582324245436578;0.0
00001521_noNi_00001;0.0;0.41603877862969657;0.0;0.32442239602698697;0.0;0.2358808097695766
