;e_dz;g;e_tz_gas;g_tz_gas;e_tz_solv;g_tz_solv
00001795_noNi_00011;1.1970998160284205;1.2368211654576071;1.1842986226729895;1.2240199721021763;1.3574912365264369;1.3972125859556235
00001795_noNi_00026;0.0;0.0;0.0;0.0;0.0;0.0
