;e_dz;g;e_tz_gas;g_tz_gas;e_tz_solv;g_tz_solv
00001574_noNi_00000;0.0;0.0;0.0;0.0;0.0;0.0
00001574_noNi_00001;0.4349268135362674;0.1920178977632388;0.4477280068916983;0.2048190911186697;0.49203017551879313;0.24912125974576452
00001574_noNi_00002;0.4349268135362674;0.19139038836616268;0.4471632483487223;0.20362682317861758;0.49133991512493774;0.247803489954833
00001574_noNi_00003;0.4349268135362674;0.19452793563690157;0.44866927098731246;0.20827039308794665;0.4929714397570864;0.2525725618577206
