;e_dz;g;e_tz_gas;g_tz_gas;e_tz_solv;g_tz_solv
00001009_noNi_00000;1.8564867669805631;1.8178949346373283;1.7704552187394946;1.7318633863962598;1.456010223281719;1.417418390938484
00001009_noNi_00001;0.0;0.0;0.0;0.0;0.0;0.0
00001009_noNi_00002;3.993470267127675;3.820277653416907;3.70211762022174;3.5289250065109723;3.447537028179233;3.2743444144684646
