;e_dz;g;e_tz_gas;g_tz_gas;e_tz_solv;g_tz_solv
00000397_noNi_00000;0.0;0.1838602746738348;0.0;0.29850625483160587;0.0;0.3702305872213324
00000397_noNi_00001;0.322288863777302;0.0;0.20764288361953095;0.0;0.1359185512298044;0.0
00000397_noNi_00002;0.42601617912756834;0.6312745267956554;0.4667415437918277;0.7866458716176858;0.6391811461833007;1.0308098063988853
