;e_dz;g;e_tz_gas;g_tz_gas;e_tz_solv;g_tz_solv
00000008_noNi_00000;0.0;0.03702305877920489;0.0011922680113916828;0.04637294988000056;0.0;0.0365210511616686
00000008_noNi_00001;0.008157623089403982;0.0;0.0;0.0;0.008659630706940273;0.0
