;e_dz;g;e_tz_gas;g_tz_gas;e_tz_solv;g_tz_solv
00000874_noNi_00000;0.0;0.0025100378736627633;0.0023845359514437984;0.004894573825106561;0.0022590341005644006;0.004769071974227164
00000874_noNi_00001;0.0;0.0;0.0;0.0;0.0;0.0
