;e_dz;g;e_tz_gas;g_tz_gas;e_tz_solv;g_tz_solv
00001746_Ni_00001;0.05804462593546075;0.0;0.0884788352606311;0.0;0.03689755685698593;0.0
00001746_Ni_00004;0.17049432298944664;0.3501502842320303;0.237575085327165;0.3867968372445783;0.2181850427317183;0.41898807305277674
00001746_Ni_00006;0.0;0.20770563454497065;0.0008785132415140537;0.17814993846131433;0.0006275093970761236;0.2294802130205216
00001746_noNi_00000;0.0;0.20582310621106314;0.0008157622447347876;0.17620465913062758;0.00043925654941745956;0.22740943183895543
00001746_noNi_00001;0.1359813021552441;0.4141562501531099;0.16377997161319316;0.4115207102858886;0.1662900094868559;0.46561202656319656
00001746_noNi_00002;0.1359813021552441;0.4053711175952902;0.1638427226099724;0.4027983287248482;0.16591350379153857;0.4564503883100596
00001746_noNi_00003;0.13604405300934422;0.42105885437702206;0.16440748101026928;0.41898807305277674;0.16704302087749057;0.47320489132364324
00001746_noNi_00004;0.0;0.20519559667130788;0.00043925654941745956;0.17520064389555498;0.000188252847658664;0.22653091859744137
00001746_noNi_00005;0.0;0.20331306833740037;0.0;0.17287885901223002;0.0;0.2244601374158752
