;e_dz;g;e_tz_gas;g_tz_gas;e_tz_solv;g_tz_solv
00000138_Ni_00004;0.0321284848114192;2.02685558811913;0.15706562030827922;2.15179272361599;0.1354792945377078;2.130206397845419
00000138_noNi_00000;0.0;0.0;0.0;0.0;0.0;0.0
00000138_noNi_00001;0.0321284848114192;2.0337581922717027;0.15587335229688754;2.1575030597571714;0.13403602275321774;2.1356657302135016
00000138_noNi_00002;0.0;0.014432717844900456;0.003702305813714879;0.018135023658615336;0.0033258001897371182;0.017758518034637575
