;e_dz;g;e_tz_gas;g_tz_gas;e_tz_solv;g_tz_solv
00000017_noNi_00000;0.0017570264830281074;0.0;0.00822037401484368;0.0;0.002196283032445567;0.0
00000017_noNi_00001;0.0;0.040160606121283346;0.0;0.033697258589467774;0.0;0.03972134957186589
