;e_dz;g;e_tz_gas;g_tz_gas;e_tz_solv;g_tz_solv
00001659_noNi_00000;0.9826170791104171;2.084586459356053;1.197978329198595;2.299947709444231;1.3327046124170077;2.344375379922205
00001659_noNi_00001;0.0;0.0;0.0;0.0;0.09029861274043849;0.0
00001659_noNi_00002;0.0;0.025727888276382893;0.0009412642382933199;0.026669152514676213;0.09149088075183016;0.026920156287774576
00001659_noNi_00003;0.9825543281849773;2.083331440419222;1.1987313405892297;2.2995084528234737;1.333394872810863;2.3438733723046687
00001659_noNi_00004;0.0;0.004392566278909836;6.275099677926619e-05;0.004455317275689102;0.09042411466265746;0.004518068201128801
00001659_noNi_00005;0.5128634898273903;0.8195273678197397;0.21667902002178854;0.5233428980141379;0.0;0.2163652652519109
00001659_noNi_00006;0.5128634898273903;0.8214098962249868;0.21724377856476454;0.525790184962361;0.001004015163733019;0.21925180882089101
00001659_noNi_00007;0.9825543281849773;2.083331440419222;1.1986685895924503;2.2994457018266945;1.3333321218854233;2.343810621379229
00001659_noNi_00008;0.5128634898273903;0.8220374056934024;0.2176202841887423;0.5267942000547544;0.0012550189368313817;0.22013032206240507
