;e_dz;g;e_tz_gas;g_tz_gas;e_tz_solv;g_tz_solv
00001433_Ni_00006;2.1385522737824814;2.883406014575396;2.299884958518791;3.0447386993117056;2.429779418837537;3.174633159630451
00001433_Ni_00007;2.120982008524163;3.0478134957283443;2.2850757349785735;3.2119072221827545;2.412522908420436;3.339354395624617
00001433_noNi_00000;0.0;0.0;0.0;0.0;0.0;0.0
00001433_noNi_00001;2.1385522737824814;2.8947011850068782;2.3008262226144054;3.0569751338388023;2.4304069282346132;3.1865558394590097
00001433_noNi_00004;2.3071013172985624;2.7164884955487847;2.431159939625248;2.84054711787547;2.4785996555230816;2.887986833773304
00001433_noNi_00005;2.120982008524163;3.044675948314926;2.285452240673891;3.209146180464654;2.412836663118974;3.336530602909737
