;e_dz;g;e_tz_gas;g_tz_gas;e_tz_solv;g_tz_solv
00000832_noNi_00000;6.275099677926619e-05;0.0006275093970761236;0.000753011390634656;0.0013177697909315133;0.0006275093970761236;0.001192267797372981
00000832_noNi_00001;0.0;0.003137547270738887;0.0010667662318518522;0.004204313502590739;0.0010040150923934516;0.004141562363132338
00000832_noNi_00002;6.275099677926619e-05;0.0006275093970761236;0.00043925669209659413;0.0010040150923934516;0.0006275093970761236;0.001192267797372981
00000832_noNi_00003;0.0;0.0;0.0;0.0;0.0;0.0
