;e_dz;g;e_tz_gas;g_tz_gas;e_tz_solv;g_tz_solv
00000880_noNi_00000;0.0;0.0;6.27509254396989e-05;6.27509254396989e-05;0.0;0.0
00000880_noNi_00001;0.0;0.0;0.0;0.0;0.0;0.0
00000880_noNi_00002;1.162210289427561;1.635917188297401;0.7936112266956982;1.2673181255655381;0.2346257908327452;0.7083326897025852
