;e_dz;g;e_tz_gas;g_tz_gas;e_tz_solv;g_tz_solv
00000582_noNi_00000;0.0013177697909315133;0.025100378736627633;0.026355397673459017;0.050138006619155136;0.028739933838921514;0.05252254278461764
00000582_noNi_00001;0.0;0.0;0.0;0.0;0.0;0.0
