;e_dz;g;e_tz_gas;g_tz_gas;e_tz_solv;g_tz_solv
00001578_noNi_00000;0.0;0.016315246321487096;0.0;0.013616955742844805;0.0;0.01129517057416157
00001578_noNi_00001;0.003639554959614747;0.0;0.0063378455382570404;0.0;0.008659630706940273;0.0
