;e_dz;g;e_tz_gas;g_tz_gas;e_tz_solv;g_tz_solv
00001707_noNi_00000;0.0;0.013177698836729508;0.0014432717844900457;0.014683721546659253;0.17087082868476397;0.014558219695779855
00001707_noNi_00001;6.27509254396989e-05;0.0;0.0;0.0;0.16955305875115334;0.0
00001707_noNi_00002;0.378388210382076;1.270079167283639;0.3256146639670391;1.2173683717940416;0.0;0.7222006490758492
