;e_dz;g;e_tz_gas;g_tz_gas;e_tz_solv;g_tz_solv
00000037_Ni_00004;0.12807468283893847;0.003765056810494145;0.10642560607158778;0.0013177699336106479;0.0;0.0
00000037_noNi_00000;0.0;0.23217850388452216;0.0;0.2513802937749893;0.44804176159023634;0.8045298915032029
00000037_noNi_00001;0.12807468283893847;0.0025100378736627633;0.10950040248822654;0.0031375474134180217;0.0038278078072734112;0.0025727888704420296
00000037_noNi_00002;0.12813743383571774;0.0;0.10893564394525054;0.0;0.0038905588040526774;6.275099677926619e-05
00000037_noNi_00003;0.12813743383571774;0.003137547270738887;0.10931214964056787;0.0035140529660562148;0.0037023059563940134;0.0030120454198594893
00000037_noNi_00004;0.12820018468981786;0.004392566207570269;0.11000241003442326;0.005396581442642855;0.004329815353470137;0.004831822899666863
00000037_noNi_00005;0.12807468283893847;0.0025100378736627633;0.10881014209437115;0.0024472870195626317;0.0030747964166387555;0.0018197774798073736
