;e_dz;g;e_tz_gas;g_tz_gas;e_tz_solv;g_tz_solv
00000259_noNi_00000;0.0;0.0;0.0;0.0;0.0;0.0
00000259_noNi_00001;5.381270210843045;5.691510892940909;4.634596692570323;4.944837374668187;4.529614358283225;4.83985504038109
00000259_noNi_00002;3.33176153086417;3.344625475073701;3.558104196756632;3.570968140966163;3.932978354172652;3.945842298382183
00000259_noNi_00003;2.440886336421361;2.6449524160067166;2.266877960323179;2.4709440399085345;3.178335465586845;3.3824015451722014
00000259_noNi_00004;3.33176153086417;3.3458804940105327;3.5593592156934633;3.5734781788398258;3.9342961241062624;3.948415087252625
00000259_noNi_00005;7.420864241178148;7.026223535614043;7.229536603808764;6.8348958982446595;6.548688828936929;6.154048123372824
00000259_noNi_00007;8.452552560818546;9.18862116919632;8.413584222779996;9.149652831157768;8.865453792177505;9.601522400555279
00000259_noNi_00008;5.381270210843045;5.6890008550672455;4.631459145156905;4.939189789381106;4.526225807168048;4.8339564513922495
