;e_dz;g;e_tz_gas;g_tz_gas;e_tz_solv;g_tz_solv
00000227_noNi_00000;0.0;0.0;0.0;0.0;0.0;0.0
00000227_noNi_00001;2.993094669911281;2.9856900581411723;2.926139409567121;2.918734797797012;3.0518295563832765;3.0444249446131675
00000227_noNi_00002;3.423001407842902;3.751879121002899;3.3295652478317246;3.6584429609917217;3.327808221206017;3.6566859343660143
00000227_noNi_00003;3.422938656988802;3.74874157373216;3.325611938030893;3.651414854774251;3.323917662544644;3.649720579288002
