;e_dz;g;e_tz_gas;g_tz_gas;e_tz_solv;g_tz_solv
00000133_noNi_00000;0.0;0.0;0.0;0.0;0.0;0.0
00000133_noNi_00001;0.09469117909068789;0.1443271781636463;0.11012791202798179;0.1597639111009402;0.15769312977669492;0.20732912884965332
00000133_noNi_00002;0.2129767141367341;0.2528863164135795;0.24027337604848645;0.28018297832533184;0.2899721261182241;0.3298817283950695
00000133_noNi_00003;0.21303946513351338;0.2553963542872423;0.24159114598209708;0.283948035135826;0.29141539790271415;0.3337722870564431
00000133_noNi_00004;0.3525975712515929;0.5202053506720595;0.3916286601442452;0.5592364395647117;0.4461592331136497;0.6137670125341163
00000133_noNi_00005;0.21303946513351338;0.25727888276382893;0.2422186553791732;0.2864580730094888;0.29191740544891087;0.33615682307922645
00000133_noNi_00006;0.2129767141367341;0.25665137322407366;0.2422186553791732;0.2858933144665128;0.2918546544521316;0.3355293135394712
00000133_noNi_00007;0.09469117909068789;0.14307215922681493;0.1103789157297406;0.1587598958658676;0.1581323864687915;0.20651336660491854
00000133_noNi_00008;0.35234656740715503;0.49949753814300213;0.4009158003909407;0.5480667711267878;0.4576426565354699;0.604793627271317
