;e_dz;g;e_tz_gas;g_tz_gas;e_tz_solv;g_tz_solv
00000279_noNi_00000;0.33383503805322234;0.21523574816595895;0.31588826724226565;0.19728897735500225;0.17363187026018553;0.05503258037292213
00000279_noNi_00001;6.275099677926619e-05;0.005647585287080785;0.002447286876883497;0.008032121167185016;0.0033885511151768174;0.008973385405478335
00000279_noNi_00002;0.6440757200084072;0.5051451232874038;0.6576926754658937;0.5187620787448903;0.31902581451300455;0.1800952177920011
00000279_noNi_00003;0.7377628840067016;0.5578559187770009;0.7567136699100517;0.5768067046803511;0.4423941763031556;0.26248721107345485
00000279_noNi_00004;0.33383503805322234;0.21837329557937696;0.3168922823346591;0.20143053986081375;0.17457313449847886;0.059111392024633475
00000279_noNi_00005;0.0;0.0;0.0;0.0;0.0;0.0
