;e_dz;g;e_tz_gas;g_tz_gas;e_tz_solv;g_tz_solv
00001138_Ni_00001;0.0;0.0018825284765866398;0.0016315246321487098;0.0035768041055146155;0.001694275628927976;0.1791539539817452
00001138_Ni_00002;6.275099677926619e-05;0.0;0.0;0.0;0.0;0.1755143988794513
00001138_noNi_00000;0.39401319630970766;0.040160606121283346;0.6961590059582491;0.34236916676660406;0.18116198402385297;0.002886543711659226
00001138_noNi_00001;0.39401319630970766;0.04078811551835947;0.6937744700781449;0.340612140283576;0.1793422065440456;0.001694275628927976
00001138_noNi_00002;0.39401319630970766;0.03953309658152809;0.693523466233707;0.3391061175023067;0.178902949851949;0.0
