;e_dz;g;e_tz_gas;g_tz_gas;e_tz_solv;g_tz_solv
00000323_noNi_00000;0.12010531252585359;0.17005506644002918;0.21335321983205144;0.2615459472631989;0.22847619807080727;0.27761018959756895
00000323_noNi_00001;6.275099677926619e-05;0.0025100378736627633;0.0;0.0006902603938553898;0.0;0.0016315244894695752
00000323_noNi_00002;0.0;0.0;0.0017570264830281074;0.0;0.0008157623874139222;0.0
00000323_noNi_00003;0.0;0.0018825284765866398;0.0013177699336106479;0.0014432719271691803;0.000753011390634656;0.0018197774798073736
00000323_noNi_00004;0.12035631637029151;0.16566250008977979;0.21278846128907544;0.2563376185255356;0.22891545462022472;0.2734058759522991
00000323_noNi_00005;0.12010531252585359;0.16817253796344256;0.21372972552736877;0.26003992448192964;0.2288527037661246;0.2761041668162996
