;e_dz;g;e_tz_gas;g_tz_gas;e_tz_solv;g_tz_solv
00000064_Ni_00004;0.11828553518872535;0.0012550189368313817;0.0894828504957037;0.0010040152350725862;0.0;0.0011922679400521155
00000064_Ni_00007;3.3123087374146234;4.1334048789410724;3.606987184581635;4.456635007099346;3.889868453628288;4.829187379346683
00000064_Ni_00008;4.418356929311971;5.116084708905589;5.0373322704410715;5.763611731025953;5.4213053151134485;6.237255878899013
00000064_noNi_00000;0.11828553518872535;0.0;0.08973385419746249;0.0;6.275099677926619e-05;0.0
00000064_noNi_00001;0.0;0.5321280306432972;0.0;0.5606797116345601;0.2909133903565174;0.9412642051917607
00000064_noNi_00003;4.4182941783151914;5.116712218445344;5.036830262894874;5.76379998401629;5.420866058564031;6.23750688288613
