;e_dz;g;e_tz_gas;g_tz_gas;e_tz_solv;g_tz_solv
00001227_Ni_00004;7.338283995049035;8.54228641501601;7.747733924153358;8.949351808240227;7.694458370120785;8.897519525992145
00001227_Ni_00007;0.01035390633586825;0.0;0.01273844221597248;0.0;0.011295170431482435;0.0
00001227_Ni_00009;7.119094937224923;8.21974654739427;7.544546357809516;8.642813432098757;7.323349269515258;8.42305961558899
00001227_noNi_00000;0.006024090982398113;0.08722381632379973;0.0;0.07881518946129738;0.0;0.08025846124578744
00001227_noNi_00001;2.261983386569412;3.6163370755397515;2.444965147930393;3.7969343010206282;2.584460503051693;3.937872927926419
00001227_noNi_00002;0.0;0.1462097064975538;0.021962831465888746;0.16578800208333833;0.03438751884064403;0.17965596124258365
00001227_noNi_00003;2.2619206355726327;3.618219604016338;2.4452161517748308;3.799130584338432;2.584335001200814;3.939692705548905
