;e_dz;g;e_tz_gas;g_tz_gas;e_tz_solv;g_tz_solv
00001558_Ni_00007;0.1150224857817488;0.15185729178463458;0.20971366487243667;0.24654847087532247;0.23770058732072355;0.2745353933236093
00001558_Ni_00008;0.11508523677852806;0.15248480132438985;0.21090593295516794;0.24830549750102973;0.23895560625755494;0.2763551708034167
00001558_noNi_00000;0.11508523677852806;0.1506022728478032;0.20783113653852917;0.24334817260780434;0.2355670551423781;0.2710840912116533
00001558_noNi_00001;0.0;0.0;0.00012550199355853238;0.00012550199355853238;0.0006902605365345243;0.0006902605365345243
00001558_noNi_00002;0.11508523677852806;0.15248480132438985;0.2098391668659952;0.247238731411857;0.23788884016838222;0.275288404714244
00001558_noNi_00003;0.0;0.0;0.0;0.0;0.0;0.0
00001558_noNi_00004;0.0;0.0;0.000376505695317328;0.000376505695317328;0.0008785133841931883;0.0008785133841931883
