;e_dz;g;e_tz_gas;g_tz_gas;e_tz_solv;g_tz_solv
00000155_Ni_00007;6.275085410013161e-05;0.0;0.0023217850260040993;0.0;0.0026982907213214274;0.0
00000155_noNi_00000;0.0;0.006902604081233032;0.0021962831751247015;0.006839853084453766;0.0021962831751247015;0.006463347389136438
00000155_noNi_00001;6.275085410013161e-05;0.004392566207570269;0.0;0.002070781181566169;0.0;0.0016942754862488414
00000155_noNi_00002;0.05547183706501872;0.05835838063399882;0.04417666663353629;0.044804176030612416;0.019892050141643445;0.020143053843402238
00000155_noNi_00003;0.0;0.008785132557819672;0.0025100378736627633;0.009036136259578468;0.0023845360227833655;0.008534128713381741
00000155_noNi_00004;0.05540908606823946;0.05647585230009131;0.04417666663353629;0.04298439869348417;0.019892050141643445;0.018323276506274
