;e_dz;g;e_tz_gas;g_tz_gas;e_tz_solv;g_tz_solv
00000434_noNi_00000;0.0;0.0;0.0;0.0805094650188858;0.0;0.0
00000434_noNi_00001;1.1248107249530388;0.7448537408642538;0.6450797351721402;0.3456322161022411;0.42269037893783123;0.042733394849046244
00000434_noNi_00002;5.021644533659339;4.174192994459432;6.252253355286889;5.485311281105868;5.249304969342733;4.4018534301428245
00000434_noNi_00003;2.8332680080275803;1.809109802008169;2.156938301285535;1.2132895602850093;2.1550557728089483;1.130897566789537
00000434_noNi_00004;5.994221461203765;4.887043752363145;6.411452507844854;5.38478426402312;5.869472578554564;4.762294869713944
00000434_noNi_00005;3.015183003370728;0.8226649151618182;2.1120086231900244;0.0;2.2320511847904383;0.03953309658152809
00000434_noNi_00006;3.804276161865298;2.8018297835386767;2.814505474900549;1.8925685615928143;2.2467349063370974;1.2442885280104767
00000434_noNi_00007;5.5444226731305015;5.495100428756081;6.643819264577035;6.6750064852215;5.924567909995606;5.875245665621185
00000434_noNi_00008;5.994158710278326;4.883278695552652;6.410134737982583;5.379764188275794;5.86859406531305;4.757714050587376
