;e_dz;g;e_tz_gas;g_tz_gas;e_tz_solv;g_tz_solv
00000519_Ni_00008;0.7424692047701309;0.8822783147326484;1.5827671361870468;1.7195014497329255;1.443397282916626;1.580508102157822
00000519_noNi_00000;0.0;0.0;0.0032002982675181533;0.0001255018508793978;0.0026982907213214274;0.0
00000519_noNi_00001;0.7425319557669101;0.8822783147326484;1.5812611134057775;1.717932675954877;1.4427070223800913;1.5797550906245081
00000519_noNi_00002;6.275085410013161e-05;0.0006275093970761236;0.00589858898883958;0.0033885511151768174;0.005710336141180917;0.003576803962835481
00000519_noNi_00003;6.275085410013161e-05;0.003137547270738887;0.0;0.0;0.0;0.000376505695317328
00000519_noNi_00004;6.275085410013161e-05;0.006275094684156908;0.011295170431482435;0.014432717844900456;0.00985189864699239;0.01336595175572774
