;e_dz;g;e_tz_gas;g_tz_gas;e_tz_solv;g_tz_solv
00001168_Ni_00002;0.09268314862054272;0.0025100378736627633;0.07297935146923708;0.003200298410197288;0.0773091668227072;0.0029492945657593576
00001168_noNi_00000;0.0;0.24723873112649875;0.0;0.2676327888143389;0.0;0.26305196961643085
00001168_noNi_00001;0.09268314862054272;0.0;0.07228909093270255;0.0;0.07686991013061062;0.0
00001168_noNi_00002;0.0;0.2516312974767481;0.001757026625707242;0.27378238179029557;0.001506022781269312;0.26895055874794954
00001168_noNi_00003;0.0;0.24723873112649875;0.0008785133841931883;0.2685113021985321;0.0006275095397552581;0.2636794791561861
00001168_noNi_00004;0.0;0.24912125960308537;0.0006275095397552581;0.2701428268306808;0.000753011390634656;0.2656875094836521
