;e_dz;g;e_tz_gas;g_tz_gas;e_tz_solv;g_tz_solv
00000956_Ni_00000;0.3215358524223371;0.0006275095040854745;0.2976904925512013;3.566978364233364e-11;0.554341865775275;0.08534128791855265
00000956_noNi_00000;0.0;0.14809223493847065;0.0002510037730983629;0.17156108911428916;0.0;0.0
00000956_noNi_00001;0.3215986033834466;0.0006275095040854745;0.29812974917195834;0.000376505695317328;0.5562871451416315;0.08722381632379973
00000956_noNi_00002;0.3215358524223371;0.0;0.298318002019617;0.0;0.5552203790524588;0.08559229169165102
00000956_noNi_00003;0.0;0.14809223493847065;0.0;0.1713100853411908;0.0006275094684156908;0.0006275094684156908
