;e_dz;g;e_tz_gas;g_tz_gas;e_tz_solv;g_tz_solv
00001629_noNi_00000;0.0;0.0;0.0;0.0;0.0;0.0
00001629_noNi_00001;0.2484937500633301;0.06149592804741684;0.23475129275496417;0.0477534707390509;0.21736928034430436;0.030371458328391093
00001629_noNi_00002;0.0;0.0012550189368313817;0.0003137546985380618;0.0015687736353694436;0.000376505695317328;0.0016315246321487098
00001629_noNi_00003;0.0;0.003137547270738887;0.0015687736353694436;0.004706320906108331;0.0014432717844900457;0.004580819055228932
00001629_noNi_00004;1.588602974179107;2.278486885453199;1.60548297904357;2.2953668903176623;1.6113188170356305;2.3012027283097227
