;e_dz;g;e_tz_gas;g_tz_gas;e_tz_solv;g_tz_solv
00000604_noNi_00000;0.0;0.0012550190795105162;0.0006902602511762552;0.0019452793306867714;0.0008785130988349191;0.0021335321783454353
00000604_noNi_00001;0.0;0.0;0.0;0.0;0.0;0.0
