;e_dz;g;e_tz_gas;g_tz_gas;e_tz_solv;g_tz_solv
00001008_noNi_00000;0.0;0.08157623103671895;0.0;0.07222633993592328;0.0;0.07084581900553337
00001008_noNi_00001;2.0781231118242376;2.0337581922003634;1.998429409121426;1.9447145983967562;2.11407940444293;2.0589840727878705
00001008_noNi_00002;0.0042670643566908705;0.0;0.013616955457486535;0.0;0.014997476387876449;0.0
00001008_noNi_00003;2.0781231118242376;2.0312481543267005;1.9979901524293293;1.9417653038309968;2.1137028987476127;2.0560975292188903
00001008_noNi_00004;2.117718959402545;2.1554950293583657;2.2350004792135185;2.2634266580685436;2.2722117909117214;2.299257448836357
00001008_noNi_00005;2.117718959402545;2.1511024631507953;2.2346239736608804;2.258657586308335;2.2719607870672838;2.2946138787843484
