;e_dz;g;e_tz_gas;g_tz_gas;e_tz_solv;g_tz_solv
00000306_Ni_00001;5.81487925473106;7.021830969406473;5.868154808620954;7.075106523296366;6.781118336665889;7.988070051341302
00000306_Ni_00002;6.4697481376247525;7.069521689006065;6.604662673548145;7.204436224929458;7.2295993548055435;7.8293729061868556
00000306_noNi_00000;0.0;0.0;0.0;0.0;0.0;0.0
00000306_noNi_00001;0.8438747353797514;0.5754261840353194;0.7110309804952462;0.44258242915081425;0.5457449861007837;0.27729643475635174
00000306_noNi_00002;0.8440629882274101;0.5716611272248253;0.7112192332002257;0.43881737219764094;0.5459959899452217;0.2735941289426369
