;e_dz;g;e_tz_gas;g_tz_gas;e_tz_solv;g_tz_solv
00000372_Ni_00007;2.7794904463774706;3.3578031739817704;3.3867313606683505;3.822348434598473;3.535639357887226;4.103535428158878
00000372_Ni_00008;6.637983426442295;7.289777513062028;7.187869975191569;7.696968408137126;6.927390794160223;7.568768223447308
00000372_noNi_00000;0.3685990625891837;1.2700791673549783;0.846949531653711;1.605733982745329;0.9213721549074382;1.8124356023405852
00000372_noNi_00001;0.0;0.17946770839492499;0.0;0.036772054720748265;0.0;0.16905105106227747
00000372_noNi_00002;0.38660858439691964;0.0006275095397552581;0.5286767285313411;0.0;0.3963977321898119;0.0
00000372_noNi_00003;0.38660858439691964;0.0;0.5298062456172931;0.0005020075461967258;0.3972134945772258;0.000188252847658664
00000372_noNi_00004;0.3685990625891837;1.2675691294813156;0.8456317618627794;1.6019061750807346;0.9196778792785102;1.8082312888379946
00000372_noNi_00005;2.7794904463774706;3.359685702458357;3.388676639999037;3.826176242405747;3.53796114291323;4.107739741661469
