;e_dz;g;e_tz_gas;g_tz_gas;e_tz_solv;g_tz_solv
00001173_noNi_00000;0.0;0.05459332382350467;0.0009412639529350508;0.06068016551732378;0.13654606055554094;0.293046922677542
00001173_noNi_00001;0.00753011362098829;0.011295170288803301;0.0039533095154736745;0.012863943924172744;0.13911884928330384;0.24479144424961524
00001173_noNi_00002;0.15141803523521713;0.037650568104941454;0.28382253314226746;0.17520064375287583;0.011859928831779293;0.0
00001173_noNi_00003;0.0037650569531732796;0.014432717844900456;0.0;0.015813238632611238;0.13692256625085827;0.24949776544108185
00001173_noNi_00004;0.1455194461036984;0.10855913824993323;0.2763551703753793;0.24454044026249816;0.00043925654941745956;0.06538648699414865
00001173_noNi_00005;0.1455194461036984;0.10793162885285709;0.27591591382596187;0.24347367431600458;0.0;0.06431972104765507
00001173_noNi_00006;0.00753011362098829;0.008785132415140538;0.00420431321723247;0.010604909752268776;0.13893059643564518;0.2420931535282938
00001173_noNi_00007;0.010918664878844242;0.0;0.005773087137960183;0.0;0.14231914769350112;0.23330802111315327
00001173_noNi_00008;0.15141803523521713;0.04078811537568034;0.2835715294405087;0.17808718732185594;0.011546174275920366;0.00282379271487996
