;e_dz;g;e_tz_gas;g_tz_gas;e_tz_solv;g_tz_solv
00000987_Ni_00004;0.9107044938730318;1.2876494323279386;1.288339692864473;1.6652846313193799;1.2238944702512968;1.6008394087062037
00000987_noNi_00000;0.0;0.0018825283339075052;0.0018825284765866398;0.003765056810494145;0.0016315246321487098;0.0035140529660562148
00000987_noNi_00001;0.0;0.0012550189368313817;0.004518068201128801;0.005773087137960183;0.0035140529660562148;0.004769071902887597
00000987_noNi_00002;0.0;0.0;0.0;0.0;0.0;0.0
00000987_noNi_00003;0.9107044938730318;1.2857669039940312;1.2875866814738384;1.6626490915948378;1.2229532061556827;1.598015616276682
00000987_noNi_00004;0.9107044938730318;1.2876494323279386;1.2880886890200351;1.665033627474942;1.2233297117083208;1.6002746501632277
