;e_dz;g;e_tz_gas;g_tz_gas;e_tz_solv;g_tz_solv
00000615_noNi_00000;2.002696473478117;2.481172444322184;2.5052688080377576;2.983744778881825;2.825486890562154;3.3039628614062213
00000615_noNi_00001;2.1501611989838416;2.2709567719035504;2.6573771035954907;2.7781726765151995;2.704314811947128;2.8251103848668366
00000615_noNi_00002;0.0;0.0012550189368313817;0.001694275628927976;0.0029492945657593576;0.0015687737067090108;0.0028237926435403923
00000615_noNi_00003;0.0;0.0;0.0;0.0;0.0;0.0
