;e_dz;g;e_tz_gas;g_tz_gas;e_tz_solv;g_tz_solv
00001538_Ni_00004;0.0;0.008157623160743548;0.0005647585429759919;0.00872238170371954;0.0005020075461967258;0.008659630706940273
00001538_noNi_00000;0.0;0.0;0.0;0.0;0.0;0.0
00001538_noNi_00001;0.0;0.008785132557819672;0.000376505695317328;0.009161638253137;0.0003765055526381934;0.009161638110457865
