;e_dz;g;e_tz_gas;g_tz_gas;e_tz_solv;g_tz_solv
00000886_noNi_00000;0.0;0.0;0.0;0.0;0.0;0.0
00000886_noNi_00001;0.7056343990169336;0.7147332863446308;0.7641810325699306;0.7732799198976279;0.6737569179429429;0.6828558052706403
