;e_dz;g;e_tz_gas;g_tz_gas;e_tz_solv;g_tz_solv
00000231_Ni_00004;0.005522083436201387;0.0;0.03834082864147598;0.02039405768784017;0.014683721689338387;0.00043925654941745956
00000231_Ni_00005;0.018197774655394603;0.10040151523186881;0.000753011390634656;0.07053206444967444;0.02240208815798534;0.09588344703074
00000231_noNi_00000;0.005522083436201387;0.0;0.03852908148913464;0.020582310535498832;0.014934725391097184;0.0006902602511762552
00000231_noNi_00001;0.0;0.005020075747325527;0.007404611770108893;0.0;0.0037023059563940134;0.0
00000231_noNi_00002;0.00847137785928161;0.0483182292820269;0.014244464997241793;0.04166662890255266;0.0;0.031124469719025747
00000231_noNi_00003;0.018197774655394603;0.09914649629503743;0.0005020075461967258;0.06902604166840513;0.022025582462668013;0.0942519223985913
00000231_noNi_00004;0.018197774655394603;0.09789147735820604;0.0;0.06726901518537702;0.021398072922912754;0.09236939392200466
00000231_noNi_00005;0.018197774655394603;0.10855913839261236;0.0060240908397189786;0.08396076705950231;0.027484914902090134;0.10912389693558834
00000231_noNi_00006;0.018197774655394603;0.09914649629503743;0.0003137546985380618;0.06883778882074647;0.021774578618230084;0.09400091855415336
