;e_dz;g;e_tz_gas;g_tz_gas;e_tz_solv;g_tz_solv
00000105_Ni_00005;3.05402583970108;3.538525901313527;2.8369703137699553;3.311116469046534;3.9667383634735405;4.4029201958039605
00000105_Ni_00007;10.294669360950989;11.919542382590006;10.643941131941505;12.258460247244654;11.179018457007883;12.755573249364872
00000105_Ni_00008;9.430086813327538;10.978278177398245;9.795673830354183;11.333511288089023;10.420296756913043;11.920169891701724
00000105_Ni_00009;0.0;0.010667660891727177;0.013930710156024597;0.014244464711883524;0.05220878794340044;0.01455821955310072
00000105_noNi_00000;0.012612940507772218;0.06902604166840513;0.0;0.046059194824764664;0.0;0.008094871878606013
00000105_noNi_00001;6.275085410013161e-05;0.0;0.010416657189968382;0.0;0.04838098013612703;0.0
00000105_noNi_00002;3.0685840592541807;3.696658287639639;2.845692695330996;3.463413017380586;3.9776570283523847;4.557413027455816
00000105_noNi_00003;4.195277312541127;5.66829304239551;4.319335934582455;5.781997758100968;4.295365072931778;5.720062573504134
00000105_noNi_00005;10.294669360950989;11.921424911066593;10.642811614855553;12.259213258635288;11.178202694763147;12.756640015596725
