;e_dz;g;e_tz_gas;g_tz_gas;e_tz_solv;g_tz_solv
00000882_noNi_00000;0.0;0.0;0.0;0.0;0.0;0.0
00000882_noNi_00001;5.805529363558924;6.2330515655391014;5.717803539688928;6.145325741669105;4.706634779729927;5.134156981710104
00000882_noNi_00002;5.805529363558924;6.229914018197023;5.715419003737484;6.139803658375583;4.7041874927817044;5.128572147419803
