;e_dz;g;e_tz_gas;g_tz_gas;e_tz_solv;g_tz_solv
00001748_Ni_00001;0.0;0.005020075747325527;0.0010040152350725862;0.006024090982398113;0.0011922679400521155;0.006212343687377642
00001748_noNi_00000;0.0;0.005020075747325527;0.00119226808273125;0.006212343830056777;0.0010667660891727176;0.006086841836498245
00001748_noNi_00001;0.0;0.004392566207570269;0.0012550190795105162;0.005647585287080785;0.0011922679400521155;0.005584834147622384
00001748_noNi_00002;0.0;0.0;0.0;0.0;0.0;0.0
00001748_noNi_00003;0.0;0.0025100378736627633;0.0008785133841931883;0.003388551257855952;0.0008157622447347876;0.003325800118397551
