;e_dz;g;e_tz_gas;g_tz_gas;e_tz_solv;g_tz_solv
00001522_noNi_00000;0.38936962611502035;0.0;1.251693139851925;0.9492335753621665;1.5111683056481997;1.208708741158441
00001522_noNi_00001;0.38554181845042607;0.03953309658152809;1.2098382581017137;0.9507395978580775;1.5631888407439414;1.3040901805003051
00001522_noNi_00002;0.38936962611502035;0.0006275095397552581;1.2517558907060253;0.9499238357560218;1.5111683056481997;1.2093362506981962
00001522_noNi_00003;0.0;1.5505759003788484;1.3386032013345077;2.9760891633386177;1.4181086513323395;3.0555946133364493
00001522_noNi_00004;0.1848015389834677;0.10040151523186881;0.0016315246321487098;0.004141562505811473;0.0018197774798073736;0.004329815353470137
00001522_noNi_00005;0.1848015389834677;0.09789147735820604;0.0;0.0;0.0;0.0
00001522_noNi_00006;0.9801697920908544;1.346635322644372;1.5091602753207336;1.9625358674995126;1.069087884043582;1.5224634762223612
