;e_dz;g;e_tz_gas;g_tz_gas;e_tz_solv;g_tz_solv
00001762_noNi_00000;0.022904095561502934;0.013805208305145198;0.031124469719025747;0.014369966848121191;0.031249971569905145;0.014244464997241793
00001762_noNi_00001;0.022904095561502934;0.016315246178807963;0.030371458328391093;0.016126993331149298;0.030622462030149886;0.016126993331149298
00001762_noNi_00002;0.022904095561502934;0.0;0.030559711176049754;0.0;0.03081071487780855;0.0
00001762_noNi_00003;0.0;0.11232419506042736;0.0;0.10466857944588054;0.0;0.10441757574412175
00001762_noNi_00004;0.022904095561502934;0.012550189368313817;0.031249971569905145;0.013240449762169208;0.03143822441756381;0.013177698908069075
00001762_noNi_00005;0.022904095561502934;0.017570265115639343;0.03231673765907786;0.019327291598667452;0.03237948851317799;0.019139038751008787
