;e_dz;g;e_tz_gas;g_tz_gas;e_tz_solv;g_tz_solv
00000254_Ni_00002;0.0;0.0025100378736627633;0.0009412642382933199;0.003451302111956083;0.0006275095397552581;0.0031375474134180217
00000254_noNi_00000;0.0;0.0018825283339075052;0.0006902605365345243;0.0025727888704420296;0.000376505695317328;0.002259034029224833
00000254_noNi_00001;6.275099677926619e-05;0.0025100378736627633;0.0008157623874139222;0.0032630492642974195;0.000753011390634656;0.0032002982675181533
00000254_noNi_00002;0.0;0.0025100378736627633;0.0015687737780485781;0.004078811651711342;0.0012550189368313817;0.003765056810494145
00000254_noNi_00003;0.0;0.0;0.0;0.0;0.0;0.0
