;e_dz;g;e_tz_gas;g_tz_gas;e_tz_solv;g_tz_solv
00001414_noNi_00000;0.0;0.0;0.0;0.0;0.0;0.0
00001414_noNi_00001;0.0;0.0025100378736627633;0.0021962831751247015;0.004706321048787465;0.0021962831751247015;0.004706321048787465
