;e_dz;g;e_tz_gas;g_tz_gas;e_tz_solv;g_tz_solv
00000121_Ni_00003;8.698097016458798;8.528481206710865;8.965604303564936;8.795988493817003;9.695648820817631;9.5260330110697
00000121_Ni_00005;4.095566057845793;4.226903789806349;4.165596114606592;4.296933846567148;4.575673553393348;4.707011285353905
00000121_Ni_00006;10.151597201866853;8.350896026507167;10.323095540091373;8.522394364731687;10.46572844262609;8.665027267266405
00000121_noNi_00000;0.0;0.0;0.0;0.0;0.0;0.0
00000121_noNi_00001;1.0677073631131921;0.27296661940288164;1.203312159715798;0.4085714160054875;1.2131640583627905;0.4184233146524799
00000121_noNi_00002;1.0675191102655335;0.5948789774848663;1.2201294134408027;0.7474892806601355;1.2265300099758392;0.7538898771951719
00000121_noNi_00004;4.0840826344239725;4.235688922506848;4.152857672390619;4.304463960473495;4.581572142239509;4.7331784303223845
00000121_noNi_00005;4.095628808699893;4.223138732853176;4.165031356063615;4.2925412802168985;4.57554805139979;4.703057975553073
00000121_noNi_00006;4.109371266293617;3.9683698882483682;4.164341095812439;4.023339717767191;4.541725290816763;4.4007239127715145
