;e_dz;g;e_tz_gas;g_tz_gas;e_tz_solv;g_tz_solv
00001596_Ni_00000;0.06438247161639693;0.1098141571867646;0.06601399624854563;0.10604910037627045;0.0776856723753454;0.1123241952031065
00001596_noNi_00000;0.0;0.027610416610290397;0.0;0.022213835167647543;0.0;0.01681725386768382
00001596_noNi_00001;0.06231169043483076;0.0;0.06770827187747362;0.0;0.07310485317743734;0.0
00001596_noNi_00002;0.06438247161639693;0.10918664778968848;0.06538648685146951;0.10479408158211821;0.07705816283559014;0.11106917626627512
