;e_dz;g;e_tz_gas;g_tz_gas;e_tz_solv;g_tz_solv
00001482_noNi_00000;0.0;0.0;0.0;0.0;0.0;0.0
00001482_noNi_00001;0.30911116501191205;0.23092348494769077;0.2550825995887042;0.17689491952448297;0.18894310148927917;0.11075542142505793
00001482_noNi_00002;0.30911116501191205;0.23280601342427742;0.25608661468109767;0.17978146309346305;0.19007261843255202;0.11376746684491741
00001482_noNi_00003;0.30911116501191205;0.23343352282135355;0.2563376185255356;0.1806599763349771;0.1901353694293313;0.1144577272387728
00001482_noNi_00004;0.30911116501191205;0.23280601342427742;0.2559611128302183;0.17965596124258365;0.18982161473079323;0.11351646314315861
00001482_noNi_00005;0.30911116501191205;0.23155099448744604;0.2549570975951457;0.1773969270706797;0.1887548486416205;0.11119467811715451
00001482_noNi_00006;0.30911116501191205;0.23217850388452216;0.25583561083665973;0.17890294970926987;0.1895706108863553;0.11263794975896543
