;e_dz;g;e_tz_gas;g_tz_gas;e_tz_solv;g_tz_solv
00000885_noNi_00000;0.0;0.011922679899898127;6.27509254396989e-05;0.011546174275920366;0.0;0.011420672353701401
00000885_noNi_00001;6.275099677926619e-05;0.0;0.0005020075461967258;0.0;0.0005647585429759919;0.0
00000885_noNi_00002;6.275099677926619e-05;0.003137547342078454;0.0;0.0026355397958817287;0.0001255019222189651;0.0026982907213214274
