;e_dz;g;e_tz_gas;g_tz_gas;e_tz_solv;g_tz_solv
00000768_noNi_00000;0.005773087137960183;0.34764024635836754;0.0038905588040526774;0.34889526529519893;0.00941264209757493;0.35485660528081775
00000768_noNi_00001;0.024535620336330777;0.5566008999828487;0.024912126031648104;0.5601149529489049;0.030245956477511694;0.5658880400868651
00000768_noNi_00002;0.012424687517434418;0.0;0.009287140246695533;0.0;0.008847883554598939;0.0
00000768_noNi_00003;0.0;0.5402856536613616;0.0;0.5434232009321005;0.0;0.543862457624197
