;e_dz;g;e_tz_gas;g_tz_gas;e_tz_solv;g_tz_solv
00000016_noNi_00000;0.004078811509032207;0.06902604181108427;0.01964104643988465;0.08458827674193671;0.02579063927316216;0.09073786957521421
00000016_noNi_00001;0.0;0.0;0.0;0.0;0.0;0.0
