;e_dz;g;e_tz_gas;g_tz_gas;e_tz_solv;g_tz_solv
00000744_Ni_00009;0.0;0.0;0.0;0.02353160510125819;0.038905587184451966;0.10554709283007373
00000744_Ni_00010;1.5958820840983365;1.305219697586257;1.335591155914648;1.0684603745038268;2.1468981496482047;1.9228772687817468
00000744_Ni_00011;0.08734931817467913;0.020707812529057366;0.043109900544363575;0.0;0.0;0.0
00000744_noNi_00000;0.5885411318039301;0.35956292632960524;0.5853408336790911;0.3798942333060244;0.40637513268768366;0.24403843285898058
00000744_noNi_00001;0.5681470741160899;0.4072536459291977;0.6009030684672644;0.4635412453816304;0.5006898060830542;0.40643788354178384
00000744_noNi_00002;0.5885411318039301;0.3576803978530186;0.5860310940729465;0.37870196522329314;0.4070653932242182;0.24284616491892846
00000744_noNi_00003;0.5681470741160899;0.40097855124504084;0.5958829927199388;0.45224607495014796;0.49604623603104603;0.3955192188056187
00000744_noNi_00005;0.0;0.0018825283339075052;0.000753011390634656;0.02616714482580035;0.03984685128006615;0.10837088525959541
00000744_noNi_00007;1.5958820840983365;1.3064747165230886;1.3358421597590862;1.0699663972850961;2.147211904489422;1.9244460425597956
