;e_dz;g;e_tz_gas;g_tz_gas;e_tz_solv;g_tz_solv
00001013_noNi_00000;2.6629619378144525;2.6882505694700787;2.574859608249139;2.600148239904765;2.7056953327348383;2.7309839643904645
00001013_noNi_00001;0.0;0.0;0.0;0.0;0.0;0.0
00001013_noNi_00002;2.580067936844123;2.520078031506636;2.568082506018785;2.508092600681298;2.5698395325018133;2.5098496271643262
