;e_dz;g;e_tz_gas;g_tz_gas;e_tz_solv;g_tz_solv
00000425_Ni_00008;5.624869387295287;4.673063023062678;5.954500111703239;5.002128989070334;4.850208946431599;3.897524068957477
00000425_Ni_00009;2.0203294897332147;0.6419421878300617;1.973768286934216;0.5948162266307662;1.4946020556249537;0.11533624048028686
00000425_noNi_00000;4.1435705324292815;3.0089079086865715;4.922686290211961;3.7874589080689534;4.32548552770109;3.1899443907168656
00000425_noNi_00001;6.275099677926619e-05;0.0025100378736627633;0.0005647585429759919;0.0024472870195626317;0.0008157623874139222;0.0023845360227833655
00000425_noNi_00002;6.6247429766801265;5.331947966611303;7.478281357716532;6.184921589247413;7.06883142861221;5.775157905301873
00000425_noNi_00003;0.0;0.003137547270738887;0.0;0.0025727888704420296;0.0;0.002259034029224833
00000425_noNi_00006;5.6249948891461665;4.664905399901935;5.955253123093874;4.994598875449346;4.8498951917330615;3.888927189247316
00000425_noNi_00007;6.275099677926619e-05;0.0;0.0006275093970761236;0.0;0.0009412642382933199;0.0
00000425_noNi_00008;2.0202039877396563;0.6400596593534752;1.9725760188514845;0.5918669320650067;1.4946020556249537;0.11357921399725875
