;e_dz;g;e_tz_gas;g_tz_gas;e_tz_solv;g_tz_solv
00000848_Ni_00007;3.153737094325075;3.533505825566201;3.481799045240337;3.861567776481463;3.459083202455153;3.8388519336962794
00000848_Ni_00008;4.028485295508075;4.581446640459969;4.2336808921793825;4.786642237131277;4.272460977441615;4.82542232239351
00000848_noNi_00000;0.0;0.0;0.0;0.0;0.0;0.0
00000848_noNi_00001;3.153737094325075;3.5347608445030323;3.4816735433894577;3.862697293567415;3.459020451458374;3.8400442016363314
00000848_noNi_00002;4.028485295508075;4.580191621523137;4.234998662112993;4.786704988128056;4.2735904944562275;4.825296820471291
00000848_noNi_00003;4.028485295508075;4.580819130991554;4.234308401647798;4.786642237131277;4.272837483136932;4.825171318620411
