;e_dz;g;e_tz_gas;g_tz_gas;e_tz_solv;g_tz_solv
00001211_Ni_00000;0.0;0.003137547270738887;0.0009412640956141853;0.004078811366353073;0.000753011390634656;0.003576803962835481
00001211_Ni_00001;0.0;0.005020075747325527;0.002196283032445567;0.007216358779771094;0.002008030327466038;0.006714351376253503
00001211_noNi_00000;0.0;0.0;0.0;0.0;0.0003137546985380618;0.0
00001211_noNi_00001;0.0;0.005020075747325527;0.002447286876883497;0.007467362624209024;0.0018825284765866398;0.006588849525374105
00001211_noNi_00002;0.0;0.004392566207570269;0.0011922679400521155;0.005584834147622384;0.0011922679400521155;0.005271079449084322
00001211_noNi_00003;0.0;0.0012550189368313817;0.0002510037017587956;0.0015060226385901774;0.0;0.0009412642382933199
00001211_noNi_00004;0.0;0.00753011362098829;0.004392566207570269;0.011922679828558559;0.003702305813714879;0.010918664736165108
00001211_noNi_00005;2.507088585517565;1.9107663361055296;2.1880627708618814;1.591740521449846;2.643132638526909;2.046496634416336
00001211_noNi_00006;0.0;0.0025100378736627633;0.000753011390634656;0.0032630492642974195;0.0008157622447347876;0.0030120454198594893
