;e_dz;g;e_tz_gas;g_tz_gas;e_tz_solv;g_tz_solv
00000758_noNi_00000;0.0;0.003765056810494145;0.0017570264830281074;0.005522083293522252;0.0014432717844900457;0.005271079591763457
00000758_noNi_00001;0.0;0.0018825283339075052;0.0008157622447347876;0.002698290578642293;0.0006275095397552581;0.0025727888704420296
00000758_noNi_00002;6.275099677926619e-05;0.0;0.0005020075461967258;0.00043925654941745956;0.0;0.0
00000758_noNi_00003;0.0;0.0;0.0;0.0;6.275099677926619e-05;0.00012550199355853238
