;e_dz;g;e_tz_gas;g_tz_gas;e_tz_solv;g_tz_solv
00001693_noNi_00000;0.4924694320682106;0.5929964491509587;0.5443644653130729;0.6448914823958212;0.5122359803589747;0.6127629974417228
00001693_noNi_00001;0.4924694320682106;0.5942514680877902;0.5451174767037076;0.6468995127232872;0.5133654974449265;0.6151475334645062
00001693_noNi_00002;0.0;0.003137547270738887;0.0033258002610766857;0.006463347531815573;0.0037023059563940134;0.0068398532271329
00001693_noNi_00003;0.0;0.0;0.0;0.0;0.0;0.0
