;e_dz;g;e_tz_gas;g_tz_gas;e_tz_solv;g_tz_solv
00000131_noNi_00000;0.0;0.0;0.0003137546985380618;0.0;0.0;0.0
00000131_noNi_00001;0.014244464854562659;0.10918664778968848;0.0009412642382933199;0.09556969247488108;0.027610416610290397;0.12255259954541621
00000131_noNi_00002;0.014244464854562659;0.10855913839261236;0.00043925654941745956;0.0944401753889291;0.027045658067314404;0.12136033160536411
00000131_noNi_00003;0.0;0.0012550189368313817;0.0014432717844900457;0.0023845360227833655;0.0011295169432728493;0.002384535880104231
00000131_noNi_00004;0.014244464854562659;0.10667660991602572;0.0;0.09211839036292499;0.026606401517896946;0.11903854657936
00000131_noNi_00005;0.014244464854562659;0.10793162885285709;0.0001255018508793978;0.09349891115063577;0.026857405219655742;0.12054456921795018
