;e_dz;g;e_tz_gas;g_tz_gas;e_tz_solv;g_tz_solv
00000085_Ni_00003;2.2054447832725415;2.693270645217404;2.431285441547467;2.9191113034923295;2.524094092161568;3.011919954106431
00000085_noNi_00000;0.07686991013061062;0.8145072920724142;0.18373477282295542;0.921372154764759;0.3291914680012141;1.0668288499430176
00000085_noNi_00001;0.0;0.0;0.0;0.0;0.0;0.0
00000085_noNi_00002;0.0;0.0006275094684156908;0.00031375476987762906;0.0009412642382933199;0.00031375476987762906;0.0009412642382933199
00000085_noNi_00003;2.2054447832725415;2.696408192630822;2.4327287133319566;2.9236921226902375;2.5259138696413754;3.0168772789996563
