;e_dz;g;e_tz_gas;g_tz_gas;e_tz_solv;g_tz_solv
00001094_noNi_00000;6.275099677926619e-05;0.003765056810494145;0.0013177699336106479;0.005020075747325527;0.0021335321783454353;0.005835837992060314
00001094_noNi_00001;1.3611935423401516;0.5923689397538826;1.7762910567315549;1.0074664541452858;1.1133900525279978;0.3445654499417288
00001094_noNi_00002;3.118220058327139;1.56626363716058;3.8424287375877753;2.290472316421216;2.71284894058917;1.1608925194226107
00001094_noNi_00003;1.361256293336931;0.593623958690714;1.7767930642777516;1.0091607296315348;1.1138293092200944;0.3461969745738775
00001094_noNi_00004;0.0;0.0;0.0;0.0;0.0;0.0
00001094_noNi_00005;0.0;0.01255018951099295;0.003765056810494145;0.016315246321487096;0.004392566207570269;0.01694275571856322
00001094_noNi_00006;3.3443744713719425;3.9219341875856073;3.582200560400866;4.159760276614531;4.008781498071411;4.586341214285075
