;e_dz;g;e_tz_gas;g_tz_gas;e_tz_solv;g_tz_solv
00001526_Ni_00001;6.275099677926619e-05;0.005020075747325527;0.0006902603938553898;0.005710336141180917;0.000753011390634656;0.005773087137960183
00001526_Ni_00003;6.275099677926619e-05;0.0025100378736627633;0.000188252847658664;0.0026982907213214274;0.00031375484121719634;0.00282379271487996
00001526_Ni_00004;6.275099677926619e-05;0.0;0.0;0.0;0.0;0.0
00001526_Ni_00005;6.275099677926619e-05;0.005647585287080785;0.0002510037017587956;0.00589858898883958;0.0005647585429759919;0.006212343830056777
00001526_Ni_00006;2.302583249240113;3.2693243387211393;2.6276959055896154;3.594499746067421;1.8048427377228178;2.7716465782006234
00001526_Ni_00007;2.302583249240113;3.2680693197843076;2.6285744188311293;3.5941232403721037;1.8041524771862831;2.7697012987272576
00001526_Ni_00008;2.302583249240113;3.2699518481182155;2.628637169827909;3.596068519702791;1.8082312888379946;2.7756626387128764
00001526_noNi_00000;0.0;0.0;0.0002510037017587956;0.0003137546985380618;0.0005647585429759919;0.0006275095397552581
