;e_dz;g;e_tz_gas;g_tz_gas;e_tz_solv;g_tz_solv
00000918_Ni_00002;6.275099677926619e-05;0.0;0.0;0.0;0.0;0.0
00000918_noNi_00000;6.275099677926619e-05;0.0;0.000188252847658664;0.000188252847658664;0.000188252847658664;0.000188252847658664
00000918_noNi_00001;0.0;0.0012550189368313817;0.0011295170859519838;0.0024472870195626317;0.0010667660891727176;0.0023845360227833655
00000918_noNi_00002;6.275099677926619e-05;0.0012550189368313817;0.0001255018508793978;0.0013805207877107795;0.0;0.0012550189368313817
00000918_noNi_00003;6.275099677926619e-05;0.0025100378736627633;0.0039533096581528095;0.006463347531815573;0.003765056810494145;0.006275094684156908
