;e_dz;g;e_tz_gas;g_tz_gas;e_tz_solv;g_tz_solv
00000393_Ni_00005;0.0;0.0006275095397552581;0.0003137546985380618;0.0009412642382933199;0.000188252847658664;0.0008157623874139222
00000393_Ni_00006;2.447035929254638;3.434986838810919;2.577244144129243;3.5651950536855237;2.6703665495845614;3.658317459140842
00000393_Ni_00007;2.2241445654741328;3.142567425815811;2.4198647690510864;3.338287629392765;2.5505749917572462;3.4689978520989246
00000393_Ni_00009;2.224270067325012;3.1369198405287304;2.418986255809572;3.331636029013291;2.548755214277439;3.461404987481157
00000393_Ni_00010;7.141936281789647;8.185233526702746;7.572345027267465;8.615642272180564;7.3687809552283055;8.412078200141405
00000393_noNi_00000;0.0;0.0;0.0;0.0;0.0;0.0
00000393_noNi_00001;2.2242073163282328;3.138802369005317;2.4182959954157166;3.3328910480928013;2.5485042104330007;3.4630992631100854
00000393_noNi_00002;2.4470986801087387;3.438124386224337;2.5807581972379783;3.5717839033535768;2.673880602550618;3.6649063086662164
00000393_noNi_00004;2.2242073163282328;3.1431949352128874;2.4198647690510864;3.338852387935741;2.550072984211049;3.469060603095704
