;e_dz;g;e_tz_gas;g_tz_gas;e_tz_solv;g_tz_solv
00001201_Ni_00001;6.210335722682578;5.9356120767966685;6.062494491552876;5.787770845666966;6.186615864733661;5.911892218847751
00001201_noNi_00000;0.0;0.0;0.0;0.0;0.0;0.0
00001201_noNi_00001;3.9199889081122414;4.3291878336574845;4.009848264303263;4.419047189848505;4.23104535245484;4.6402442780000825
00001201_noNi_00002;6.731545088447032;6.3052151546209245;6.666597858287658;6.240267924461552;6.619158142389825;6.192828208563718
00001201_noNi_00004;3.9199889081122414;4.284007151788876;4.010915030392435;4.374933274069069;4.231359107153378;4.595377350830012
00001201_noNi_00006;4.79197606764848;4.914654169044775;5.055592795950566;5.178270897346861;4.681973657614057;4.804651759010352
00001201_noNi_00007;7.305276996853423;6.671053175634687;7.288020486436321;6.653796665217586;7.294107328415499;6.659883507196763
00001201_noNi_00009;5.743029420347774;5.962594984009883;5.656056607868413;5.875622171530521;5.920551849554692;6.1401174132168
