;e_dz;g;e_tz_gas;g_tz_gas;e_tz_solv;g_tz_solv
00000991_Ni_00004;0.0;1.5355156731368718;0.0;1.6436355546947083;0.24491694610049464;2.2167399537040238
00000991_noNi_00000;0.4363073344666573;0.0;0.3281874529088207;0.0;0.0;0.0
00000991_noNi_00001;0.4363073344666573;0.0018825284765866398;0.32862670945823813;0.0023217850260040993;0.00043925654941745956;0.0023217850260040993
00000991_noNi_00002;0.4363073344666573;0.0006275095397552581;0.32843845661057947;0.0008785132415140537;0.000188252847658664;0.0008157623874139222
00000991_noNi_00003;0.4363073344666573;0.0006275095397552581;0.32850120760735874;0.0009412642382933199;0.000376505695317328;0.0010040152350725862
00000991_noNi_00004;0.4363073344666573;0.0012550189368313817;0.32912871700443486;0.002196283032445567;0.0009412640956141853;0.002196283032445567
00000991_noNi_00005;0.4363073344666573;0.0006275095397552581;0.3286894604550174;0.0011295170859519838;0.0005647585429759919;0.00119226808273125
00000991_noNi_00006;0.0;1.539908239487121;0.000753011390634656;1.6487811324355923;0.2459209611928881;2.2221365351466664
00000991_noNi_00007;0.0;1.5392807299473659;0.000753011390634656;1.6481536228958371;0.2457954593420087;2.2213835237560318
