;e_dz;g;e_tz_gas;g_tz_gas;e_tz_solv;g_tz_solv
00000423_noNi_00000;0.0;0.008157623160743548;0.00043925662075702685;0.008220374086183247;0.0002510037730983629;0.008032121238524583
00000423_noNi_00001;0.0;0.0;0.000376505695317328;0.0;0.000376505695317328;0.0
00000423_noNi_00002;0.0;0.006902604223912166;0.0;0.006526098528594839;0.0;0.006526098528594839
