;e_dz;g;e_tz_gas;g_tz_gas;e_tz_solv;g_tz_solv
00001832_Ni_00000;0.030183205623411563;0.07781117436890393;0.1186620405986844;0.10661385891924645;0.11006516103120254;0.13096122626523943
00001832_Ni_00001;0.028928186543901044;0.06337845652400348;0.058170127643661015;0.03294424719883312;0.037336813549082526;0.04505518001772948
00001832_Ni_00002;6.275113945840076e-05;0.2403361270452657;0.02535138243838643;0.2059486079192634;0.024535620479009913;0.23807709287336173
00001832_Ni_00003;0.028928186543901044;0.04894573867910302;0.054656074677604805;0.014997476387876449;0.033697258589467774;0.026982907213214273
00001832_Ni_00004;0.011420672567720102;0.25727888276382893;0.0;0.1861820597711785;0.0;0.21912630668465335
00001832_Ni_00005;0.0;0.23970861764818957;0.025727888133703757;0.20576035535696302;0.024661122187210175;0.23763783632394428
00001832_noNi_00000;0.03055971131872889;0.0;0.09023586174365922;0.0;0.05729161483018437;0.0
00001832_noNi_00001;0.0;0.24096363644234184;0.02585339012726229;0.20714087614467377;0.024786624180768706;0.23901835711165506
