;e_dz;g;e_tz_gas;g_tz_gas;e_tz_solv;g_tz_solv
00000196_Ni_00007;0.002259034029224833;0.6406871687505513;0.0;0.6342238212187357;0.0;0.6319647871895109
00000196_Ni_00008;0.0063378455382570404;0.7398336650455887;0.03614454546635128;0.7654360514710922;0.028551680848583717;0.7555841528240999
00000196_Ni_00009;6.982109619834606;8.854158621603343;7.448474657931117;9.316319346197263;7.476775335077942;9.342360989314862
00000196_Ni_00010;6.8178276405325375;8.54228641501601;7.294923090660234;9.015177551641115;7.119722446621999;8.837717873573656
00000196_noNi_00000;0.0;0.6770827180613405;0.021084318224374694;0.6939627227831244;0.021021567227595427;0.6916409377571203
00000196_noNi_00001;2.1480904175882567;3.510287975163481;2.3549175390343926;3.712910783107026;2.509724125242107;3.865458335285516
00000196_noNi_00002;0.05766812024014343;0.0;0.06187243374273416;0.0;0.064131467771959;0.0
00000196_noNi_00003;2.130394650621738;3.713601043358202;2.340171066490954;3.9191731457248276;2.4941618904539338;4.070904935658582
