;e_dz;g;e_tz_gas;g_tz_gas;e_tz_solv;g_tz_solv
00000990_Ni_00007;0.0;0.0025100378736627633;0.000188252847658664;0.0024472869482230646;0.0001255018508793978;0.0018825284052470725
00000990_Ni_00009;2.1015919659287166;3.7901571987902747;2.3592473543878625;4.047561583476322;2.883092259876858;4.570904481419121
00000990_noNi_00000;0.0;0.003765056810494145;0.0;0.0035140530373957823;0.0;0.0030120454911990563
00000990_noNi_00001;0.0;0.004392566278909836;0.00031375476987762906;0.004455317275689102;0.00043925662075702685;0.004078811580371774
00000990_noNi_00002;0.0;0.0018825284052470725;0.0001255019222189651;0.0017570265543676747;0.0001882527763190967;0.0013177698622710806
00000990_noNi_00003;0.0;0.0006275094684156908;6.27509254396989e-05;0.00043925662075702685;0.0003137546985380618;0.000188252847658664
00000990_noNi_00004;0.0;0.0025100378736627633;0.0006275094684156908;0.0028865435689800914;0.0006275094684156908;0.0023845360227833655
00000990_noNi_00005;0.0;0.0;0.0002510037730983629;0.0;0.0007530113192950887;0.0
00000990_noNi_00006;2.1015919659287166;3.789529689321859;2.3581805882986897;4.045867307918734;2.881837240940026;4.569021953013874
