;e_dz;g;e_tz_gas;g_tz_gas;e_tz_solv;g_tz_solv
00000414_noNi_00000;0.0013805207877107795;0.8195273678910793;0.000188252847658664;0.8183350999510272;0.0;0.8049063971985202
00000414_noNi_00001;0.0;0.0;0.0;0.0;0.013240449904848342;0.0
