;e_dz;g;e_tz_gas;g_tz_gas;e_tz_solv;g_tz_solv
00001404_noNi_00000;6.275085410013161e-05;0.0006275093970761236;0.0003137546985380618;0.0006902602511762552;0.00031375484121719634;0.0006902603938553898
00001404_noNi_00001;0.0;0.0012550189368313817;0.000188252847658664;0.001255018794152247;0.0002510038444379302;0.0013177697909315133
00001404_noNi_00002;0.0;0.0006275093970761236;0.0;0.000439256406738325;0.0;0.000439256406738325
00001404_noNi_00003;0.0;0.0018825283339075052;0.0006275095397552581;0.0023217848833249647;0.0010040152350725862;0.002698290578642293
00001404_noNi_00004;0.0;0.0018825283339075052;6.275099677926619e-05;0.0017570263403489728;0.000376505695317328;0.0020707810388870345
00001404_noNi_00005;6.275085410013161e-05;0.0;0.0002510038444379302;0.0;0.0002510038444379302;0.0
00001404_noNi_00006;1.8745590396423992;2.564631203906829;1.9475383911116362;2.6374223023857284;2.031624660164697;2.721508571438789
00001404_noNi_00008;1.8746217906391784;2.564003694367074;1.9475383911116362;2.6367320418491937;2.0314991581711386;2.720692808908696
