;e_dz;g;e_tz_gas;g_tz_gas;e_tz_solv;g_tz_solv
00000756_Ni_00001;0.0;0.02321785040272013;0.0008785132415140537;0.024096363644234182;0.000376505695317328;0.023594356098037457
00000756_Ni_00002;0.0;0.0;0.0;0.0;0.0;0.0
00000756_noNi_00000;0.0;0.01506022724197658;0.000753011390634656;0.015813238632611238;0.00043925669209659413;0.015499483934073174
00000756_noNi_00001;0.0;0.013177698908069075;0.000753011390634656;0.01393071029870373;0.0005647585429759919;0.013742457451045067
00000756_noNi_00002;0.0;0.020707812529057366;0.0006902603938553898;0.021398072922912754;0.0002510038444379302;0.020958816373495295
