;e_dz;g;e_tz_gas;g_tz_gas;e_tz_solv;g_tz_solv
00001648_Ni_00003;3.8624462897229774;4.102656914774684;3.886040645821015;4.126251270872722;3.8192736381818344;4.059484263233542
00001648_noNi_00000;0.0;0.0;0.0006275095397552581;0.0006275095397552581;0.00043925654941745956;0.00043925654941745956
00001648_noNi_00001;0.0;0.0;0.0;0.0;0.0;0.0
