;e_dz;g;e_tz_gas;g_tz_gas;e_tz_solv;g_tz_solv
00001654_noNi_00000;0.0;0.0012550190795105162;0.0008785132415140537;0.00213353232102457;0.0009412642382933199;0.002196283317803836
00001654_noNi_00001;0.0;0.0;0.0;0.0;0.0;0.0
00001654_noNi_00002;0.0;0.004392566350249403;0.00012550199355853238;0.004518068343807935;0.0002510038444379302;0.004643570194687334
00001654_noNi_00003;0.0;0.0018825284765866398;0.00119226808273125;0.00307479655931789;0.0012550189368313817;0.0031375474134180217
