;e_dz;g;e_tz_gas;g_tz_gas;e_tz_solv;g_tz_solv
00001666_noNi_00000;0.0;0.026982907213214273;0.0251631297334069;0.02020580498286064;0.03269324335439519;0.008847883554598939
00001666_noNi_00001;0.0018825284765866398;0.3802707388586626;0.0;0.3464479784183154;0.0;0.3275599433690654
00001666_noNi_00002;0.0024472870195626317;0.0;0.034387518983323165;0.0;0.053275554032573155;0.0
00001666_noNi_00003;2.425198599639629;3.2015533159895653;2.457891843136703;3.202306327522879;2.5592346224641864;3.284761071801112
