;e_dz;g;e_tz_gas;g_tz_gas;e_tz_solv;g_tz_solv
00000995_Ni_00006;0.0;0.0018825283339075052;0.000188252847658664;0.0020080301847869033;0.0001255018508793978;0.0020080301847869033
00000995_Ni_00007;1.0783750242902777;1.4093862696286201;1.0556591814337541;1.3866076757753174;1.438628210871059;1.7696394562094016
00000995_noNi_00000;0.0;0.0;6.275099677926619e-05;0.0;0.0;0.0
00000995_noNi_00001;1.0783750242902777;1.4100137790256961;1.0560984379831717;1.387674441721811;1.4393184712649145;1.770957226000333
00000995_noNi_00002;0.0;0.0025100378736627633;0.0;0.002447286876883497;0.0003137546985380618;0.0028237925722008252
00000995_noNi_00003;0.0;0.0006275093970761236;0.000188252847658664;0.0007530112479555214;0.0003137546985380618;0.0009412640956141853
00000995_noNi_00004;1.0784377751443777;1.4118963075022828;1.058796728704493;1.392192510065619;1.4419540111321358;1.7754125434900407
