;e_dz;g;e_tz_gas;g_tz_gas;e_tz_solv;g_tz_solv
00000622_noNi_00000;0.0;0.003137547270738887;0.0003137546985380618;0.0035140529660562148;0.0002510037017587956;0.0034513019692769486
00000622_noNi_00001;0.0;0.005020075747325527;0.000753011390634656;0.005835838134739449;0.0009412640956141853;0.0060240908397189786
00000622_noNi_00002;6.275099677926619e-05;0.0;0.0;0.0;0.0;0.0
