;e_dz;g;e_tz_gas;g_tz_gas;e_tz_solv;g_tz_solv
00000331_noNi_00000;0.0;0.0;0.0;0.0;0.0;0.0
00000331_noNi_00001;4.84286708565827;4.504262975559481;4.895640632144646;4.557036522045857;4.266248633682898;3.927644523584109
