;e_dz;g;e_tz_gas;g_tz_gas;e_tz_solv;g_tz_solv
00000769_noNi_00000;0.0;0.0;0.0;0.0;0.0;0.0
00000769_noNi_00001;1.7229527517022025;2.5269806356592084;1.878763353287669;2.682791237244675;2.088037761468009;2.8920656454250153
00000769_noNi_00002;2.2505627141443707;2.704565815720226;2.412899414115753;2.866902515691608;2.575738121490653;3.029741223066508
00000769_noNi_00004;2.2505627141443707;2.704565815720226;2.4132131688142913;2.8672162703901463;2.5761773781827495;3.0301804797586045
00000769_noNi_00006;2.2505627141443707;2.7051933251173024;2.4134014216619497;2.868032032634881;2.5764911328812876;3.031121743854219
