;e_dz;g;e_tz_gas;g_tz_gas;e_tz_solv;g_tz_solv
00000527_Ni_00001;5.79737174046952;6.439502181147241;5.860122687596448;6.502253128274169;6.266309567293794;6.908440007971514
00000527_Ni_00002;6.623801712441833;6.4407572000840725;6.6042861679955065;6.421241655637746;6.66634685444322;6.48330234208546
00000527_noNi_00000;0.0;0.0;0.0;0.0;0.0;0.0
00000527_noNi_00001;1.3731162223113893;1.6334071504950778;1.342117254443243;1.6024081826269314;1.1573784664565545;1.417669394640243
