;e_dz;g;e_tz_gas;g_tz_gas;e_tz_solv;g_tz_solv
00001425_noNi_00000;0.0064005962496780375;0.041415625343473;0.0364583004502476;0.0738578654241468;0.06105667064192457;0.09845623561582377
00001425_noNi_00001;0.0;0.03325800175469205;0.011734426267504223;0.0473769639023005;0.01123241943470317;0.04687495706949945
00001425_noNi_00002;0.002384535880104231;0.0;0.0;0.0;0.0;0.0
