;e_dz;g;e_tz_gas;g_tz_gas;e_tz_solv;g_tz_solv
00000276_noNi_00000;0.6443267238528452;0.277359185753131;0.6684230874970793;0.3014555493973652;0.6042288685856619;0.2372613304859478
00000276_noNi_00001;0.0;0.0;0.0;0.0;0.0;0.0
00000276_noNi_00002;6.275099677926619e-05;0.0;0.0009412642382933199;0.0008785132415140537;0.0010667660891727176;0.0010040150923934516
