;e_dz;g;e_tz_gas;g_tz_gas;e_tz_solv;g_tz_solv
00001658_Ni_00005;2.4713205456751917;3.0603636851679976;2.771834830905603;3.390433666410726;2.818207780714264;3.40725092020707
00001658_noNi_00000;0.0;0.0;0.0;0.029555696012316737;0.0;0.0
00001658_noNi_00001;0.6822910467276643;0.03137547349212411;0.6213598772232234;0.0;0.6781494842218527;0.027233910986312636
00001658_noNi_00002;2.4713205456751917;3.0603636851679976;2.7725250912994586;3.391123926804581;2.8188352901826796;3.4078784296754856
