;e_dz;g;e_tz_gas;g_tz_gas;e_tz_solv;g_tz_solv
00000246_Ni_00002;0.09939749999679622;0.0;0.07341860801865453;0.0;0.05785637308780209;0.0
00000246_Ni_00004;0.09450292624302922;0.6795927559350032;0.0756148910511001;0.6866836127212158;0.04988700277471721;0.6765179593756854
00000246_Ni_00005;0.0033885511151768174;0.8496478223750324;0.005835837992060314;0.8780740012300576;0.01123241943470317;0.8990328176035529
00000246_Ni_00006;0.16541149624534185;0.668925095043276;0.1324044981924086;0.6618969889684845;0.08433727275481964;0.629391998461748
00000246_Ni_00007;0.22577790734948586;0.5114202179715607;0.1888803504924999;0.5005015530927165;0.12600390151469318;0.45318733904576214
00000246_noNi_00000;0.003765056810494145;0.9619720174354598;0.005145577598204925;0.9893314302013123;0.0;0.9997480875339598
00000246_noNi_00001;0.0;1.066766099017578;0.0;1.0927449909957196;0.007969370313084884;1.116276596239657
00000246_noNi_00002;0.2038150758835971;0.9657370742459539;0.17338086655842674;0.9612817568989253;0.09983675668889282;0.9032998819602438
