;e_dz;g;e_tz_gas;g_tz_gas;e_tz_solv;g_tz_solv
00001791_Ni_00003;0.17438488172215977;0.5076551612324061;0.0033885511865163844;0.11219869328088754;0.0;0.0
00001791_noNi_00000;0.12907869793133192;0.04769071974227164;0.6071781632227609;0.3013300476178254;1.6549934761943097;1.240335218495003
00001791_noNi_00001;6.27509254396989e-05;0.0;0.26336572460032714;0.03884283625901227;0.9284630118363298;0.5951299814006438
00001791_noNi_00002;0.131525984879555;0.0056475852157412175;0.6075546689180782;0.2572161318383892;1.6337836561190555;1.1746349769449953
00001791_noNi_00003;0.0;0.003765056810494145;0.2631147208272288;0.04241964022184775;0.930220038319358;0.6007148156196057
00001791_noNi_00004;0.0021962831037851344;0.17570265158443085;0.05446782204396484;0.0035140531087353493;0.325300909268501;0.1655369982389004
00001791_noNi_00005;0.0022590341005644006;0.17382012317918377;0.05289904833725583;0.0;0.32398313940622997;0.16227394897460298
00001791_noNi_00006;0.1703688210672277;0.5490707862191813;0.0;0.1542418277360784;0.031500975414343074;0.07693266105605032
