;e_dz;g;e_tz_gas;g_tz_gas;e_tz_solv;g_tz_solv
00001458_Ni_00005;1.3434977752309538;1.2280360327571085;1.2378879314041007;1.1224261889302554;1.3221624533048202;1.2067007108309749
00001458_noNi_00000;6.275099677926619e-05;0.0031375474134180217;0.004141562363132338;0.007216358779771094;0.004078811651711342;0.007153608068350097
00001458_noNi_00001;0.9055589161321478;1.7382012319345168;0.8059104122909136;1.6385527280932828;1.5069012412915088;2.3395435570938776
00001458_noNi_00002;0.9055589161321478;1.7382012319345168;0.804592642357303;1.6372349581596721;1.5062737318944326;2.338916047696802
00001458_noNi_00003;1.343560526227733;1.2261535044232008;1.2375741767055628;1.1201671549010306;1.3218486986062823;1.20444167680175
00001458_noNi_00005;0.0;0.0;0.0;0.0;0.0;0.0
