;e_dz;g;e_tz_gas;g_tz_gas;e_tz_solv;g_tz_solv
00000908_noNi_00000;0.0;0.0;0.0;0.0;0.0;0.0
00000908_noNi_00001;0.9016056065453345;0.7078306821563884;0.9289650193825265;0.7351900949935805;0.8980915534365992;0.7043166290476531
