;e_dz;g;e_tz_gas;g_tz_gas;e_tz_solv;g_tz_solv
00000785_noNi_00000;0.0;0.0006275095397552581;0.0011295169432728493;0.0017570264830281074;0.0013177697909315133;0.0019452793306867714
00000785_noNi_00001;0.0;0.0;0.0;0.0;0.0;0.0
