;e_dz;g;e_tz_gas;g_tz_gas;e_tz_solv;g_tz_solv
00000467_noNi_00000;0.00012550199355853238;0.6488447919112948;0.0;0.7020575949470887;0.5969497588091116;1.3320771028059128
00000467_noNi_00001;0.08640805407906495;0.0;0.03306974904971252;0.0;0.0;0.0
00000467_noNi_00002;0.0;0.6507273203878815;6.275099677926619e-05;0.7041283764140132;0.5977655210538464;1.3349008955207928
00000467_noNi_00003;0.42752220190883766;1.0328805875804516;0.6340983195105354;1.2927950102115018;1.8943255880758423;2.5860920278265214
00000467_noNi_00004;0.037336813549082526;2.352533003011609;0.42507491503195416;2.793609409523833;0.8978405496635008;3.299444793205092
00000467_noNi_00005;0.037336813549082526;2.3531605125513644;0.4228158808600502;2.7919778848916845;0.8965227797298901;3.298754532811237
