;e_dz;g;e_tz_gas;g_tz_gas;e_tz_solv;g_tz_solv
00001631_Ni_00002;0.0;0.0006275095397552581;0.001694275628927976;0.002321785168683234;0.0014432717844900457;0.0020707813242453036
00001631_noNi_00000;0.0;0.0;0.0011295170859519838;0.0011295170859519838;0.0009412642382933199;0.0009412642382933199
00001631_noNi_00001;0.0;0.0;0.0;0.0;0.0;0.0
00001631_noNi_00002;1.5126743282867898;2.0933715919138725;1.5846496646636334;2.1653469282907163;1.7210074725141948;2.3017047361412777
00001631_noNi_00003;1.5126743282867898;2.094626610850704;1.587410706239055;2.1693629888029693;1.7234547593910783;2.3054070419549926
