;e_dz;g;e_tz_gas;g_tz_gas;e_tz_solv;g_tz_solv
00001694_Ni_00007;2.2261525958015986;1.8844109384320706;1.8586830501556877;1.6677319184102821;1.9166649251657089;1.725713793420303
00001694_noNi_00000;0.15079052562412232;0.0;0.0;0.0;0.0;0.0
00001694_noNi_00001;0.0;0.1644074811529484;0.0804467140934461;0.39564472087051683;0.12813743376437817;0.44333544054144886
00001694_noNi_00002;1.083332349040824;0.8113697447303357;1.0597379929427864;0.9385659142564206;0.846510275032954;0.7253381963465881
00001694_noNi_00003;2.2261525958015986;1.8862934668373177;1.8585575482334689;1.6694889448933101;1.9162256685449517;1.7271570652047932
