;e_dz;g;e_tz_gas;g_tz_gas;e_tz_solv;g_tz_solv
00001052_noNi_00000;0.0;0.0;0.0;0.0;0.0;0.0
00001052_noNi_00001;0.9692511273546893;0.5271079547532925;1.1749487315721938;0.7328055589707971;0.9102652371809352;0.4681220645795385
