;e_dz;g;e_tz_gas;g_tz_gas;e_tz_solv;g_tz_solv
00001504_noNi_00000;0.0;0.026982907213214273;0.003765056810494145;0.03074796402370842;0.0038278076645942767;0.03081071487780855
00001504_noNi_00001;0.0;0.0;0.0;0.0;0.0;0.0
00001504_noNi_00002;2.4468476764069798;2.7880245752335315;2.5838329936546174;2.925009892481169;2.69822797003929;3.0394048688658417
00001504_noNi_00003;2.4468476764069798;2.796182198394275;2.584146748353155;2.933481270340451;2.698541724737828;3.0478762467251235
00001504_noNi_00004;2.4403215778783847;3.1262521796370035;2.5827662275654446;3.268696829324063;2.6999222455255385;3.3858528472841574
