;e_dz;g;e_tz_gas;g_tz_gas;e_tz_solv;g_tz_solv
00001830_Ni_00005;0.0;0.0;0.0009412642382933199;0.0;0.0008157623874139222;0.0
00001830_Ni_00007;0.0;0.0006275095397552581;0.0009412642382933199;0.0006275095397552581;0.0008785132415140537;0.0006902603938553898
00001830_noNi_00000;1.7730280074672575;2.110314347632436;1.5734172450862511;1.9097623210131363;0.9319143139482859;1.2683848917260505
00001830_noNi_00001;0.0;0.0018825284765866398;6.275099677926619e-05;0.0010040152350725862;0.0;0.0010667660891727176
00001830_noNi_00002;0.0;0.005647585287080785;0.0;0.004706321048787465;0.000188252847658664;0.005020075747325527
00001830_noNi_00003;0.0;0.0018825284765866398;0.0008785132415140537;0.0018197774798073736;0.0008785132415140537;0.0019452793306867714
00001830_noNi_00004;0.0;0.0018825284765866398;0.0013177699336106479;0.0022590341719039677;0.0008785132415140537;0.0019452793306867714
