;e_dz;g;e_tz_gas;g_tz_gas;e_tz_solv;g_tz_solv
00000778_noNi_00000;0.5454939822563458;0.03451302083420257;0.4049946118999729;0.0024472870195626317;0.30873465917391557;0.002008030327466038
00000778_noNi_00001;0.0;0.0;0.0;0.10843363654173295;0.0;0.2042543325756937
00000778_noNi_00002;0.2861443183109507;1.6465848492604678;0.23550430400291972;1.7043784714941697;0.8716106538409212;2.436305517366132
00000778_noNi_00003;0.0;0.0;0.0018825283339075052;0.11031616487564046;0.0019452793306867714;0.20619961190638048
00000778_noNi_00004;0.5454939822563458;0.03325800189737118;0.40380234381724167;0.0;0.3079816477832809;0.0
