;e_dz;g;e_tz_gas;g_tz_gas;e_tz_solv;g_tz_solv
00000194_noNi_00000;6.275085410013161e-05;0.0056475851444016505;6.275085410013161e-05;0.0056475851444016505;0.000188252847658664;0.005773087137960183
00000194_noNi_00001;6.275085410013161e-05;0.003765056810494145;6.275085410013161e-05;0.003765056810494145;0.000188252847658664;0.0038905588040526774
00000194_noNi_00002;0.0;0.0;0.0;0.0;0.0;0.0
