;e_dz;g;e_tz_gas;g_tz_gas;e_tz_solv;g_tz_solv
00001796_Ni_00009;0.0;0.06463347531815572;0.0001255018508793978;0.06475897716903513;0.0012550189368313817;0.0660139961058665
00001796_noNi_00000;0.0;0.06965355106548125;0.000188252847658664;0.06984180391313992;0.0015060226385901774;0.07128507555495082
00001796_noNi_00001;0.0001255018508793978;0.0;0.0001255018508793978;0.0;0.0;0.0
00001796_noNi_00002;0.0;0.0640059659210796;0.0;0.0640059659210796;0.0012550189368313817;0.06538648670879038
