;e_dz;g;e_tz_gas;g_tz_gas;e_tz_solv;g_tz_solv
00001486_noNi_00000;0.24071263266924348;0.0;0.1957202037196328;0.0;0.0;0.0
00001486_noNi_00001;0.0;0.16629000955819548;0.0;0.21128243850780612;0.021649076696011117;0.42865171892345005
