;e_dz;g;e_tz_gas;g_tz_gas;e_tz_solv;g_tz_solv
00000746_Ni_00000;0.023970861650675652;0.39470345670356305;0.0;0.4010413026698575;0.0;0.3966487360342498
00000746_Ni_00001;0.05120477285100699;0.0;0.020896065234036896;0.0;0.025288631869644567;0.0
00000746_noNi_00000;0.0;0.33822760440347177;0.01964104643988465;0.38817735846032647;0.07749741952768674;0.4416411649125209
