;e_dz;g;e_tz_gas;g_tz_gas;e_tz_solv;g_tz_solv
00001485_noNi_00000;0.33822760433213217;0.3219123581533242;0.322288863777302;0.305973617598494;0.07323035517099587;0.05691510899218791
00001485_noNi_00001;0.0;0.0;0.0;0.0;0.0;0.0
00001485_noNi_00002;0.33822760433213217;0.3225398676217399;0.322288863777302;0.30660112706690973;0.0731048532487769;0.05741711653838463
