;e_dz;g;e_tz_gas;g_tz_gas;e_tz_solv;g_tz_solv
00001130_noNi_00000;0.0;0.4386291194926614;0.0008785132415140537;0.8807722919513791;0.5197033429831837;1.1800943091703988
00001130_noNi_00001;0.38648308254604025;0.2227658617869472;0.004392566350249403;0.28194000480835996;0.0;0.05804462593546075
00001130_noNi_00002;0.4718871213900326;0.0;0.03062246217282902;0.0;0.25012527469547885;0.0
00001130_noNi_00003;6.275085410013161e-05;0.43486406268216726;0.0;0.8760659710452707;0.5192640864337662;1.1758272449563871
00001130_noNi_00004;0.0;0.43737410055583004;0.000753011390634656;0.8793917711636683;0.5193895882846455;1.1785255355350295
