;e_dz;g;e_tz_gas;g_tz_gas;e_tz_solv;g_tz_solv
00000129_noNi_00000;0.0;0.0;0.0;0.0;0.0;0.0
00000129_noNi_00001;3.5128607639625833;2.9844350392756804;4.270892203734906;3.7424664790480033;4.131208595765948;3.6027828710790444
