;e_dz;g;e_tz_gas;g_tz_gas;e_tz_solv;g_tz_solv
00000080_Ni_00002;0.0;0.0;0.034575771759642264;0.0;0.2668170266409437;0.18065997640631667
00000080_noNi_00000;0.10209579078945721;0.18825284102408424;0.0;0.05158127847498475;0.0;0.0
00000080_noNi_00001;0.0;0.0006275094684156908;0.03501502838039929;0.0010667660891727176;0.26731903425847997;0.18178949349226867
