;e_dz;g;e_tz_gas;g_tz_gas;e_tz_solv;g_tz_solv
00000118_noNi_00000;0.0;0.0006275095397552581;0.0006275093970761236;0.0012550189368313817;0.0006275095397552581;0.0012550190795105162
00000118_noNi_00001;0.0;0.0018825284765866398;0.0011295170859519838;0.003012045562538624;0.0010667660891727176;0.0029492945657593576
00000118_noNi_00002;0.0;0.0;0.0;0.0;0.0;0.0
