;e_dz;g;e_tz_gas;g_tz_gas;e_tz_solv;g_tz_solv
00001053_noNi_00000;0.0;0.0;0.0;0.0;0.0;0.0
00001053_noNi_00001;0.9031743802520436;0.3325800189737118;1.118033622580006;0.5474392613016743;0.8526598677948919;0.2820655065165602
00001053_noNi_00002;0.9032371311061437;0.3438751895478734;1.1185356302688818;0.5591736887106116;0.8525343658013333;0.2931724242430631
00001053_noNi_00003;0.9032371311061437;0.34199266107128673;1.1179708717259058;0.5567264016910489;0.8512165960104019;0.289972125975545
00001053_noNi_00004;6.275099677926619e-05;0.003765056810494145;0.0011295169432728493;0.004831822756987728;0.0011922679400521155;0.004894573753766994
