;e_dz;g;e_tz_gas;g_tz_gas;e_tz_solv;g_tz_solv
00001177_Ni_00001;0.1212975804659057;0.04392566293177749;0.08822783127351405;0.04643570080544026;0.09751497166288871;0.045933693401922666
00001177_Ni_00002;0.05038901032091393;0.384663305208912;0.04863198383788583;0.4184860657919383;0.05484432752526347;0.41490926168642367
00001177_Ni_00004;0.1212975804659057;0.03576803991371308;0.08747481988287939;0.03752506639674119;0.09745222052343032;0.03771331924439985
00001177_noNi_00000;0.0;0.28614431845362986;0.0;0.3217241055196843;0.0;0.311934957726792
00001177_noNi_00001;0.1212975804659057;0.0;0.08571779339985128;0.0;0.09550694119274354;0.0
00001177_noNi_00002;0.18160124057327043;0.15311231086414512;0.15273580488346952;0.1598266622403986;0.15938740540562288;0.15668911496965973
00001177_noNi_00003;0.18160124057327043;0.1807227274744355;0.15286130687702804;0.18756258084424754;0.160014914802699;0.18492704097702625
00001177_noNi_00004;0.18160124057327043;0.17131008537686057;0.15267305402936937;0.17796168589901395;0.15957565825328154;0.17507514233003385
