;e_dz;g;e_tz_gas;g_tz_gas;e_tz_solv;g_tz_solv
00001549_Ni_00006;6.275099677926619e-05;0.0012550189368313817;6.275099677926619e-05;0.00031375484121719634;0.000188252847658664;0.00031375484121719634
00001549_noNi_00000;0.0;0.0025100378736627633;0.000753011390634656;0.002321785168683234;0.0009412640956141853;0.0023845360227833655
00001549_noNi_00001;6.275099677926619e-05;0.0025100378736627633;0.0017570264830281074;0.0032630492642974195;0.0025100378736627633;0.0038905588040526774
00001549_noNi_00002;6.275099677926619e-05;0.0012550189368313817;0.0;0.0002510038444379302;0.0;0.00012550199355853238
00001549_noNi_00003;6.275099677926619e-05;0.0018825283339075052;0.0010667660891727176;0.0019452793306867714;0.0015687736353694436;0.0023217850260040993
00001549_noNi_00004;2.777607918043563;2.1385522737824814;2.702997042084857;2.0630001337281607;3.6732521845319392;3.033129774324364
00001549_noNi_00005;6.275099677926619e-05;0.0;0.0010040150923934516;0.0;0.0011295169432728493;0.0
