;e_dz;g;e_tz_gas;g_tz_gas;e_tz_solv;g_tz_solv
00001623_noNi_00000;0.0;0.03325800204005032;0.000188252847658664;0.1561243562840046;0.000188252847658664;0.1967242189547054
00001623_noNi_00001;0.18473878798668844;0.0;0.06206068659039283;0.0;0.02146082391969202;0.0
00001623_noNi_00002;0.0003137546985380618;0.023845359942475386;0.0;0.14620970664023294;0.0;0.18680956931093376
00001623_noNi_00003;0.18266800680512227;0.13177698879533248;0.0615586790441961;0.13334576243070193;0.025602386425503495;0.13798933248271011
