;e_dz;g;e_tz_gas;g_tz_gas;e_tz_solv;g_tz_solv
00001508_noNi_00000;0.012299185666555022;0.0;0.013052197057189678;0.0;0.020143053986081374;0.0
00001508_noNi_00001;0.0;0.1587598958658676;0.0013805207877107795;0.15938740526294376;0.0009412640956141853;0.15185729164195547
00001508_noNi_00002;0.0;0.3049696023634214;0.0;0.30421659097278675;0.0;0.2971257340438951
00001508_noNi_00003;1.8187734478788424;3.3094849448424224;1.9070012792950355;3.3969597648679812;1.919112212113932;3.4019798407579858
00001508_noNi_00004;1.8202794706601118;3.3590581929186016;1.9085073020763048;3.44653301294416;1.9290896126118036;3.460024466550767
