;e_dz;g;e_tz_gas;g_tz_gas;e_tz_solv;g_tz_solv
00000898_Ni_00004;6.275099677926619e-05;0.0;0.0002510037017587956;0.0;0.0010040150923934516;0.0
00000898_noNi_00000;0.0;0.0012550189368313817;0.0005647585429759919;0.0016315247748278443;0.00043925654941745956;0.000753011390634656
00000898_noNi_00001;0.0;0.0012550189368313817;0.0;0.0010667662318518522;0.0;0.00031375484121719634
