;e_dz;g;e_tz_gas;g_tz_gas;e_tz_solv;g_tz_solv
00000475_Ni_00000;0.43091075302401444;0.0;0.37976873116978677;0.0;0.22370712602524054;0.0
00000475_noNi_00000;0.0;0.40223357032455137;0.0;0.4533755921787791;0.0;0.6094371973233252
00000475_noNi_00001;0.8014550950865641;0.645707244640556;0.7759782105119399;0.6713723819201596;0.6772709709089991;0.7287267474617649
