;e_dz;g;e_tz_gas;g_tz_gas;e_tz_solv;g_tz_solv
00001668_Ni_00006;0.6196028506688557;0.47439715926369536;0.6586966907009664;0.513490999295806;0.43775060625114737;0.292544914845987
00001668_Ni_00007;0.6196028506688557;0.47314214032686397;0.6586966907009664;0.5122359803589747;0.43781335724792664;0.2913526469059349
00001668_Ni_00008;3.369788604807108;3.7813720662324553;4.0018788939901775;4.413462355415525;4.415344883749432;4.826928345174779
00001668_noNi_00000;0.6196028506688557;0.46184696989538154;0.6565631585226209;0.49880727774914674;0.4356170740728019;0.27786119329932774
00001668_noNi_00001;0.9666783384842472;0.5584834283167562;1.073041193701735;0.6648462835342439;1.0646325668392325;0.6564376566717415
00001668_noNi_00002;0.0;0.0;0.0;0.0;0.0;0.0
00001668_noNi_00003;0.020080302989302107;0.3834082861294015;0.20193254740701047;0.5652605305471098;0.5676450665698932;0.9309730497099926
