;e_dz;g;e_tz_gas;g_tz_gas;e_tz_solv;g_tz_solv
00000358_noNi_00000;0.005773087137960183;0.0;0.0;0.0;0.01280119314141218;0.0
00000358_noNi_00001;0.0;0.19829299251873528;0.009036136402257602;0.21310221605895308;0.0;0.19126488651528328
