;e_dz;g;e_tz_gas;g_tz_gas;e_tz_solv;g_tz_solv
00000753_Ni_00000;0.08063496679842562;0.010040151637330188;0.04154112690899413;0.0;0.0;0.0
00000753_Ni_00003;0.08063496679842562;0.010040151637330188;0.04166662875987353;0.0001255018508793978;0.0001255018508793978;0.0001255018508793978
00000753_noNi_00000;0.0;0.0;0.0;0.02905368825210131;0.04637294980866099;0.11696776496975643
