;e_dz;g;e_tz_gas;g_tz_gas;e_tz_solv;g_tz_solv
00001781_Ni_00006;1.4608420461813858;1.3133773206043216;2.0074655455236834;1.8530982158653861;1.5209574532984127;1.3665901236401155
00001781_Ni_00007;5.286390779047378;4.181095598540664;5.125560101857264;4.013362317269318;3.6772682450441923;2.5650704604562464
00001781_noNi_00000;0.04003510412772482;0.0;0.1210465767641469;0.07410886855518906;0.3359058192347885;0.28896811102583064
00001781_noNi_00001;0.0;0.006902604081233032;0.0;0.0;0.0;0.0
00001781_noNi_00002;2.582138718025689;2.1429448399900517;2.296370905410056;1.8502744232931854;2.0033867338719724;1.5572902517551017
00001781_noNi_00003;1.4608420461813858;1.31212230166749;2.0074655455236834;1.851843196928555;1.520141691053678;1.3645193424585491
00001781_noNi_00004;2.843621914292109;2.1485924252771325;3.0921784153522185;2.390246322256009;2.1256255785761713;1.4236934854799619
00001781_noNi_00005;5.286390779047378;4.1836056364143275;5.124367833917212;4.01468008720293;3.676828988494775;2.567141241780492
00001781_noNi_00006;5.60704811819253;5.62750492687715;6.47734100224252;6.490895206845907;6.026600949788283;6.04015515439167
