;e_dz;g;e_tz_gas;g_tz_gas;e_tz_solv;g_tz_solv
00000081_noNi_00000;0.0;0.0012550189368313817;0.0001255018508793978;0.0013805207877107795;0.0001882527763190967;0.0014432717131504784
00000081_noNi_00001;0.0;0.0;0.0;0.0;0.0;0.0
