;e_dz;g;e_tz_gas;g_tz_gas;e_tz_solv;g_tz_solv
00000561_Ni_00001;0.08634530308228568;0.1449546875607224;0.06406871691785887;0.12267810139629562;0.06036641110414399;0.11897579558258073
00000561_noNi_00000;0.0;0.0;0.0;0.0;0.0;0.0
00000561_noNi_00001;0.11370471599081727;0.31249971598440973;0.08113697448730149;0.2799319744808939;0.06689250949005969;0.2656875094836521
00000561_noNi_00002;0.1231173580883922;0.08659630678404447;0.09230664306790452;0.05578559176355679;0.07065756630055384;0.0341365149962061
00000561_noNi_00003;0.08891809195272771;0.1738201231078442;0.0638804640702002;0.1487824952253167;0.05559733905857726;0.14049937021369374
