;e_dz;g;e_tz_gas;g_tz_gas;e_tz_solv;g_tz_solv
00001297_noNi_00000;0.0;0.0018825284052470725;0.0017570265543676747;0.003639554959614747;0.0013805208590503468;0.0032630492642974195
00001297_noNi_00001;0.0;0.0;0.0;0.0;0.0;0.0
