;e_dz;g;e_tz_gas;g_tz_gas;e_tz_solv;g_tz_solv
00000125_noNi_00000;0.0;0.0;0.0;0.0;0.0;0.0
00000125_noNi_00001;0.0;0.004392566207570269;0.0005020076888758604;0.004894573896446129;0.000753011390634656;0.005145577598204925
00000125_noNi_00002;0.0;0.003137547270738887;0.0002510038444379302;0.0033885511151768174;0.0005020076888758604;0.003639554959614747
00000125_noNi_00003;0.0;0.003765056810494145;0.000376505695317328;0.004141562505811473;0.0006275095397552581;0.004392566350249403
00000125_noNi_00004;0.0;0.005020075747325527;0.000188252847658664;0.005208328594984191;0.0005020076888758604;0.005522083436201387
