;e_dz;g;e_tz_gas;g_tz_gas;e_tz_solv;g_tz_solv
00000798_Ni_00000;6.734870888565429;6.239954169763013;6.265493805049059;5.770577086246644;4.018445144013423;3.5235284252110084
00000798_noNi_00000;0.0;0.008785132557819672;0.00043925654941745956;0.009224389107237132;0.000376505695317328;0.009161638253137
00000798_noNi_00001;0.0;0.0;0.0;0.0;0.0;0.0
