;e_dz;g;e_tz_gas;g_tz_gas;e_tz_solv;g_tz_solv
00000757_Ni_00000;0.0;0.0;0.0;0.0;0.0;0.0
00000757_noNi_00000;0.0;0.00941264209757493;0.0005647585429759919;0.009977400640550922;0.0005647585429759919;0.009977400640550922
00000757_noNi_00001;0.0;0.00564758542975992;0.0005020076888758604;0.00614959311863578;0.000753011390634656;0.006400596820394576
00000757_noNi_00002;0.0;0.0006275096824343927;0.00012550199355853238;0.0007530116759929251;0.00012550199355853238;0.0007530116759929251
