;e_dz;g;e_tz_gas;g_tz_gas;e_tz_solv;g_tz_solv
00000199_noNi_00000;0.0008157623874139222;0.0;0.0;0.0;0.0;0.0
00000199_noNi_00001;0.0;0.9481668091303146;0.021147069078474825;0.9701296405962033;0.02466112204453104;0.9736436935622595
