;e_dz;g;e_tz_gas;g_tz_gas;e_tz_solv;g_tz_solv
00001566_Ni_00001;6.275099677926619e-05;0.028865435689800913;0.0014432717844900457;0.07850143490543846;0.0015687736353694436;0.06645325294064224
00001566_Ni_00002;0.0;0.03388551143712644;0.0021335321783454353;0.08427452204339864;0.002008030327466038;0.07197533637684363
00001566_Ni_00003;0.056538603296870577;0.41603877862969657;0.04925949337764108;0.4570151471383938;0.042419640150508184;0.4380016100955853
00001566_Ni_00005;0.056538603296870577;0.4185488165033593;0.04963599907295841;0.4599016907073739;0.04285889684260478;0.4409509046613447
00001566_noNi_00000;0.0;0.026982907213214273;0.0;0.07523838564114103;0.0;0.06306470182546542
00001566_noNi_00001;0.08766307301589632;0.0;0.03965859843240749;0.0002510038444379302;0.052020535095741775;0.00043925669209659413
00001566_noNi_00002;0.0;0.037023058707865326;0.002447286876883497;0.08772582401267559;0.002447286876883497;0.07555214019699996
00001566_noNi_00003;0.08772582401267559;0.0;0.03947034558474882;0.0;0.05164402940042445;0.0
00001566_noNi_00004;0.08370976335774352;0.42231387331385345;0.07272834748212001;0.4595879358661567;0.06519823400381085;0.43988413857217196
