;e_dz;g;e_tz_gas;g_tz_gas;e_tz_solv;g_tz_solv
00000831_noNi_00000;0.0;0.0;0.0;0.0;0.0;0.0
00000831_noNi_00001;0.0;0.0006275093970761236;0.0001255018508793978;0.0007530112479555214;0.00043925669209659413;0.0010667660891727176
