;e_dz;g;e_tz_gas;g_tz_gas;e_tz_solv;g_tz_solv
00001409_noNi_00000;0.0;0.008785132557819672;6.275099677926619e-05;0.00891063440869907;0.000188252847658664;0.009036136259578468
00001409_noNi_00001;0.0;0.008785132557819672;0.0006275095397552581;0.009475392951675063;0.0006902605365345243;0.009538143948454328
00001409_noNi_00002;6.275085410013161e-05;0.0;0.0;0.0;0.0;0.0
