;e_dz;g;e_tz_gas;g_tz_gas;e_tz_solv;g_tz_solv
00001050_Ni_00001;0.0;0.0018825284765866398;0.007153607925670962;0.009036136402257602;0.0070281060747915645;0.008910634551378204
00001050_Ni_00002;0.0;0.0;0.0;0.0;0.0;0.0
00001050_noNi_00000;6.275099677926619e-05;0.008157623160743548;0.008534128856060877;0.01662900102002516;0.008157623160743548;0.016252495324707832
