;e_dz;g;e_tz_gas;g_tz_gas;e_tz_solv;g_tz_solv
00000415_noNi_00000;0.0;0.9249489587275945;0.0;0.9390679218739568;0.03143822441756381;0.994916264634293
00000415_noNi_00001;0.0;0.9393816765724949;0.0012550189368313817;0.9547556586556887;0.03269324335439519;1.0106040014160247
00000415_noNi_00002;0.0;0.9324790723485827;0.000753011390634656;0.9473510468855798;0.032253986662298596;1.003262140500016
00000415_noNi_00003;0.0;0.9456567712566518;0.001506022781269312;0.9612817571842835;0.032881496202053856;1.0170673489478403
00000415_noNi_00004;0.03852908148913464;0.0;0.024410118342772246;0.0;0.0;0.0
