;e_dz;g;e_tz_gas;g_tz_gas;e_tz_solv;g_tz_solv
00001090_noNi_00000;0.0;0.0;0.0;0.0;0.0;0.0
00001090_noNi_00001;0.0;0.005020075747325527;0.0006902603938553898;0.005710336141180917;0.0008157623874139222;0.005835838134739449
00001090_noNi_00002;2.259222344851311;1.7174934194054594;2.205946790818738;1.6642178653728863;1.9467853797210015;1.4050564542751498
