;e_dz;g;e_tz_gas;g_tz_gas;e_tz_solv;g_tz_solv
00001794_Ni_00003;1.7019939354713862;1.1753252372675111;1.4075664921488127;0.8808977939449376;0.6890681489580178;0.1623994507541428
00001794_Ni_00004;3.133907795108871;2.990710134031177;2.858431137760987;2.715233476683293;1.768760943039227;1.6255632819615327
00001794_noNi_00000;3.503008865315591;2.649344982356966;3.1002105365194033;2.2465466535607783;1.5600512933305233;0.7063874103718984
00001794_noNi_00001;7.2205004675491855;5.927454453635925;6.564690320417199;5.271644306503939;3.1053561141889476;1.8123101002756872
00001794_noNi_00002;1.7019939354713862;1.17407021833068;1.4067507298327382;0.8788270126920319;0.6886916432627005;0.1607679261219941
00001794_noNi_00003;1.7019939354713862;1.177835275141174;1.4091980167809615;0.885039356450749;0.6908879264378253;0.16672926610761293
00001794_noNi_00004;0.0;0.0;0.0;0.0;0.0;0.0
00001794_noNi_00005;3.133907795108871;2.9913376434995924;2.8615059341062863;2.7189357824970077;1.7726515017719402;1.6300813501626614
