;e_dz;g;e_tz_gas;g_tz_gas;e_tz_solv;g_tz_solv
00000232_Ni_00000;0.0019452793306867714;0.0;0.0;0.0;0.0;0.0
00000232_noNi_00000;0.0;0.7686991007353896;0.02259034114832314;0.7932347212143995;0.03099896786814635;0.8016433479342228
