;e_dz;g;e_tz_gas;g_tz_gas;e_tz_solv;g_tz_solv
00000836_Ni_00007;0.17971871223936292;0.3018320550926825;0.05045176138903277;0.14802948397736118;0.03614454553769084;0.0
00000836_Ni_00008;0.17971871223936292;0.3037145834979296;0.0503890103922535;0.149849261385829;0.03608179454091157;0.0018197774084678063
00000836_noNi_00000;0.13497728699151107;0.42356889225068484;0.0;0.26405598499418254;0.0;0.1303337168681633
00000836_noNi_00001;0.0;0.12424687510300463;0.06281369790968792;0.16252495274770135;0.32046908636883414;0.2864580730808283
00000836_noNi_00002;0.018135023658615336;0.0;0.04267064392360655;0.0;0.27553940834466323;0.09914649629503743
