;e_dz;g;e_tz_gas;g_tz_gas;e_tz_solv;g_tz_solv
00000896_Ni_00001;3.5609907403969516;3.3025823405471706;4.7218205088941225;4.4634121090443415;4.771142753268543;4.512734353418762
00000896_Ni_00003;3.5609907403969516;3.299444793205092;4.716674931295918;4.455128984104059;4.766436432219756;4.504890485027897
00000896_Ni_00004;3.5609907403969516;3.301954831078755;4.721444003270145;4.462408093951948;4.770828998498666;4.511793089180469
00000896_Ni_00005;3.5609907403969516;3.3006998121419238;4.720314486184193;4.460023557929165;4.769824983406272;4.509534055151244
00000896_noNi_00000;0.0;0.0;0.0;0.0;0.0;0.0
