;e_dz;g;e_tz_gas;g_tz_gas;e_tz_solv;g_tz_solv
00001518_noNi_00000;0.0;0.0018825284052470725;0.005773087137960183;0.00715360799701053;0.007279109847889927;0.008659630706940273
00001518_noNi_00001;3.694775759377071;3.277481961810543;3.930217312454551;3.5124215073418266;4.360939812702246;3.9431440075895217
00001518_noNi_00002;3.6948385103025108;3.2768544523421275;3.929903557756013;3.511417492249433;4.361190816475345;3.942704750968765
00001518_noNi_00003;0.0;0.0;0.004329815353470137;0.0038278078072734112;0.0066516003794742365;0.006149592833277511
00001518_noNi_00004;0.0001255019222189651;0.0006275094684156908;0.0;0.0;0.0;0.0
00001518_noNi_00005;0.0;0.0012550189368313817;0.005961339914279279;0.006714351304913936;0.007592864546427989;0.008345875937062645
