;e_dz;g;e_tz_gas;g_tz_gas;e_tz_solv;g_tz_solv
00001225_Ni_00002;1.9198024725077873;3.0258506644051346;2.0923675768214793;3.1956547270007256;2.2415265778847924;3.3428056977365728
00001225_Ni_00004;1.9198024725077873;3.025223154865379;2.0921165729770412;3.1947762136165325;2.241401075891234;3.3420526862032593
00001225_Ni_00006;0.008659630706940273;0.06463347546083487;0.006588849525374105;0.059801652561168;0.00966364594201286;0.06086841865034071
00001225_noNi_00000;0.0;0.13303200773216386;0.0;0.13027096601406318;0.0;0.12826293568659713
00001225_noNi_00001;1.919739721511008;3.023968135928548;2.0924303278182586;3.193897700517698;2.2415265778847924;3.3409859202567658
00001225_noNi_00002;0.002635539724542161;0.0;0.005396581442642855;0.0;0.007404611770108893;0.0
00001225_noNi_00003;0.0025727888704420296;0.04329815353470137;0.005271079591763457;0.0432354025379221;0.008973385405478335;0.044929678024170944
00001225_noNi_00005;1.8743080359406403;3.1042893481711147;2.0614941109468914;3.288714381459265;2.193710356148962;3.4189225963338696
