;e_dz;g;e_tz_gas;g_tz_gas;e_tz_solv;g_tz_solv
00000750_Ni_00000;0.14300940823003566;0.09036136373721775;0.059801652418488865;0.007153607925670962;0.0;0.0
00000750_noNi_00000;0.0;0.0;0.0;0.0;0.03168922826200174;0.08433727275481964
