;e_dz;g;e_tz_gas;g_tz_gas;e_tz_solv;g_tz_solv
00000269_noNi_00000;0.0;0.005020075747325527;0.0033885511151768174;0.008408626862502344;0.0035768041055146155;0.008596879852840142
00000269_noNi_00001;0.0;0.0;0.0;0.0;0.0;0.0
00000269_noNi_00002;0.0;0.005647585287080785;0.003451302111956083;0.009098887399036868;0.0035768041055146155;0.0092243893925954
