;e_dz;g;e_tz_gas;g_tz_gas;e_tz_solv;g_tz_solv
00001827_Ni_00008;0.0;0.0;0.00012550199355853238;0.0;0.0008785132415140537;0.0
00001827_noNi_00000;1.3812110943326745;1.804089726189504;1.100526108461146;1.523279238324417;0.2749118988762475;0.696912017491563
00001827_noNi_00001;0.0;0.0012550189368313817;0.0;0.0011295169432728493;0.0008157623874139222;0.00119226808273125
00001827_noNi_00002;6.275085410013161e-05;0.01568773678173184;0.00043925669209659413;0.01593874062616977;0.0;0.014746472686117654
