;e_dz;g;e_tz_gas;g_tz_gas;e_tz_solv;g_tz_solv
00000498_noNi_00000;0.0;0.0006275093970761236;0.003639554959614747;0.0042670643566908705;0.004016060654932076;0.004643570052008199
00000498_noNi_00001;0.0;0.0;0.0;0.0;0.0;0.0
