;e_dz;g;e_tz_gas;g_tz_gas;e_tz_solv;g_tz_solv
00001127_Ni_00005;0.11583824816916272;0.0;0.0;0.0;0.0;0.0
00001127_Ni_00006;6.275099677926619e-05;0.5195778412749834;0.030559711176049754;0.6659130496234166;0.2433481724651252;0.878701510912492
00001127_noNi_00000;0.11583824816916272;0.0018825284765866398;0.0024472870195626317;0.004329815496149272;0.002635539724542161;0.004518068201128801
00001127_noNi_00001;6.275099677926619e-05;0.5208328602118147;0.033383503890929714;0.6699918612751279;0.2459209611928881;0.8825293185770863
00001127_noNi_00002;0.11583824816916272;0.0031375474134180217;0.00282379271487996;0.0059613401282979815;0.0028237925722008252;0.0059613399856188465
00001127_noNi_00003;0.0;0.5202053506720595;0.029994952633073762;0.666038551474296;0.24265791192859068;0.8787015107698128
00001127_noNi_00004;6.275099677926619e-05;0.5208328602118147;0.032567741503515796;0.669176098887714;0.2452307007990327;0.8818390581832309
00001127_noNi_00006;0.11583824816916272;0.0006275095397552581;0.0020707813242453036;0.002698290864000562;0.0025100378736627633;0.0031375474134180217
