;e_dz;g;e_tz_gas;g_tz_gas;e_tz_solv;g_tz_solv
00000980_Ni_00000;0.8484555544349803;0.4292164775377656;0.8475770410507871;0.42833796415357245;0.5955064870246215;0.17626741012740685
00000980_noNi_00000;0.8484555544349803;0.4248239111875162;0.8468867806569318;0.42325513740946763;0.5943142190845694;0.1706825758371053
00000980_noNi_00001;0.0;0.0;0.0;0.0;0.0;0.0
00000980_noNi_00002;0.8484555544349803;0.4267064396641029;0.8455690107233211;0.4238198959524436;0.5938749623924728;0.17212584762159536
