;e_dz;g;e_tz_gas;g_tz_gas;e_tz_solv;g_tz_solv
00001202_noNi_00000;0.0;0.003765056810494145;0.0011295170859519838;0.004894573896446129;0.0009412642382933199;0.004706321048787465
00001202_noNi_00001;0.0;0.0;0.0;0.0;0.0;0.0
00001202_noNi_00002;4.381647625159964;4.732676422776188;4.514993387590666;4.86602218520689;4.6262508167046;4.977279614320824
00001202_noNi_00003;4.385349931116358;4.762796877260141;4.520452720030089;4.8978996661738705;4.629827620667435;5.007274566811218
