;e_dz;g;e_tz_gas;g_tz_gas;e_tz_solv;g_tz_solv
00001822_noNi_00000;0.0;0.0;0.0;0.0;0.0;0.0
00001822_noNi_00001;1.5757390301122551;2.8168900107806536;1.7782363359195625;3.019387316587961;2.3313859337904552;3.5725369144588535
00001822_noNi_00002;1.5756762792581551;2.8200275580513923;1.7811228794885425;3.0254741582817797;2.3337704699559176;3.578121748749155
00001822_noNi_00003;0.0;0.0037650566678150105;0.0076556156145468224;0.011420672282361833;0.003890558661373543;0.007655615329188553
