;e_dz;g;e_tz_gas;g_tz_gas;e_tz_solv;g_tz_solv
00000577_noNi_00000;0.0025727887991024625;0.0;0.0;0.0;0.0;0.0
00000577_noNi_00001;0.0;0.03325800196871075;0.005835838063399882;0.041666628831213096;0.014871974465657484;0.0507027652334707
