;e_dz;g;e_tz_gas;g_tz_gas;e_tz_solv;g_tz_solv
00000202_Ni_00007;7.021956471114673;8.04216136747593;7.453745737522881;8.473950633884138;7.240267015839949;8.260471912201208
00000202_Ni_00008;2.1487806781247913;3.1526075773104623;2.309611355314904;3.3134382545005754;2.441262842116678;3.445089741302349
00000202_noNi_00000;0.0;0.0;0.0;0.0;0.0;0.0
00000202_noNi_00001;2.1487806781247913;3.157000143660712;2.3117448874932496;3.31996435302917;2.443584627142682;3.4518040926786027
00000202_noNi_00002;0.0;0.0012550189368313817;0.000753011390634656;0.002008030327466038;0.0006902605365345243;0.001945279473365906
00000202_noNi_00003;2.261104873185219;3.315132529986824;2.4207432824352795;3.474770939236885;2.4582683488320205;3.512296005633626
00000202_noNi_00005;2.1487806781247913;3.155117615184125;2.3107408722581773;3.317077809317511;2.442141355358192;3.448478292417526
00000202_noNi_00006;2.1487806781247913;3.153862596247294;2.309925110013442;3.3150070281359447;2.4417648496628748;3.4468467677853774
