;e_dz;g;e_tz_gas;g_tz_gas;e_tz_solv;g_tz_solv
00001287_noNi_00000;0.000188252847658664;0.0006275094684156908;0.0;0.0;0.0;0.0
00001287_noNi_00001;0.0;0.0;0.011922679971237693;0.011483423350480667;0.011985430896677392;0.011546174275920366
