;e_dz;g;e_tz_gas;g_tz_gas;e_tz_solv;g_tz_solv
00001565_noNi_00000;0.028237926150045656;0.03263049250029506;0.014809223540217785;0.019201789890467186;0.025602386425503495;0.029994952775752898
00001565_noNi_00001;0.0;0.0;0.0;0.0;0.0;0.0
00001565_noNi_00002;0.028237926150045656;0.03514053037395782;0.014746472543438518;0.021649076767350686;0.025602386425503495;0.032504990649415665
00001565_noNi_00003;0.028237926150045656;0.03325800189737118;0.014934725391097184;0.01995480113842271;0.025727888276382893;0.03074796402370842
