;e_dz;g;e_tz_gas;g_tz_gas;e_tz_solv;g_tz_solv
00000929_Ni_00005;6.954938459773734;6.605792190634097;8.263421206695627;7.91301991861916;7.558790822806757;7.208389534730289
00000929_noNi_00000;6.27509254396989e-05;0.0;0.0013805208590503468;6.275099677926619e-05;0.0021335322496850028;0.0008157623874139222
00000929_noNi_00001;2.6226130789168502;2.732803741798932;2.9312849872366655;3.040220631181916;2.991212141648713;3.1001477855939634
00000929_noNi_00002;4.1487788608815865;3.80396240709542;4.367214907457743;4.021143434734745;4.134408894104805;3.788337421381807
00000929_noNi_00003;0.599961804228971;0.35893541678984997;0.4444022067019612;0.20212080032600868;0.5650722777707907;0.32279087139483825
00000929_noNi_00004;1.5645693615316523;0.9964850383410019;1.184926132212745;0.6155867900852632;1.103098897331588;0.5337595552041063
00000929_noNi_00005;0.0;0.0012550189368313817;0.0;0.0;0.0;0.0
00000929_noNi_00007;4.1487788608815865;3.802079878690173;4.36614814136857;4.018194140240325;4.1347226488033435;3.786768647675098
