;e_dz;g;e_tz_gas;g_tz_gas;e_tz_solv;g_tz_solv
00000892_Ni_00009;2.368785498336317;3.2134759958894636;2.9948516965369882;3.839542194090135;3.220817856662793;4.06550835421594
00000892_Ni_00010;3.717491602162255;3.397336270634638;3.9941605275215304;3.6740051959939137;3.987257923368958;3.667102591841341
00000892_Ni_00011;3.717491602162255;3.399846308508301;3.996294059699876;3.6786487660459217;3.989140451774205;3.671495158120251
00000892_noNi_00000;0.8196528697419587;2.171182766211437;1.3373481824690159;2.6888780789384943;1.7453548398601877;3.0968847363296663
00000892_noNi_00001;5.192389860493224;5.698413497093481;5.765745263204298;6.271768899804555;6.2376323846656705;6.743656021265927
00000892_noNi_00002;0.0;0.0;0.0;0.0;0.0;0.0
00000892_noNi_00003;3.717491602162255;3.4004738179767164;3.9960430559267777;3.679025271741239;3.989077700777426;3.6720599165918872
00000892_noNi_00005;7.310359823597527;7.688873535973162;8.458827655645383;8.837341368021017;7.9646639480195836;8.343177660395218
