;e_dz;g;e_tz_gas;g_tz_gas;e_tz_solv;g_tz_solv
00000092_noNi_00000;0.0;0.0;0.0027610417181006936;0.0027610417181006936;0.0024472870195626317;0.0024472870195626317
00000092_noNi_00001;2.590610095884971;1.9044912414213728;2.573102581766111;1.8869837273025127;3.48568960397305;2.799570749509452
00000092_noNi_00002;0.0;0.0;0.0;0.0;0.0;0.0
00000092_noNi_00004;0.0;0.0006275093970761236;0.0024472870195626317;0.0030747964166387555;0.0023217850260040993;0.002949294423080223
00000092_noNi_00005;4.565131394209821;3.9495446041958977;5.051702237289192;4.436115447275268;5.594560679820996;4.978973889807072
00000092_noNi_00006;5.357738605741787;5.537771072679687;5.58389301878659;5.76392548572449;6.497735059930361;6.677767526868261
