;e_dz;g;e_tz_gas;g_tz_gas;e_tz_solv;g_tz_solv
00001713_Ni_00001;0.0;0.0006275094684156908;6.27509254396989e-05;0.0006902603938553898;0.000188252847658664;0.000690260465194957
00001713_Ni_00005;0.09544419033864342;0.02321785040272013;0.18404852752149348;0.1118221875855702;0.2987572586760438;0.2264054168892411
00001713_Ni_00007;0.9332320837392174;1.7024331920921434;1.1898834570346306;1.9590845653875566;1.0921174815986436;1.8611930881006902
00001713_noNi_00000;0.9332948347359967;1.7024331920921434;1.190134460807729;1.9592728181638757;1.0919919796764246;1.861004835181692
00001713_noNi_00001;0.0;0.0012550189368313817;6.27509254396989e-05;0.0013177698622710806;0.0002510037730983629;0.0013805208590503468
00001713_noNi_00002;0.0;0.0006275094684156908;0.0;0.0006275094684156908;0.0;0.0005020076175362931
00001713_noNi_00003;0.0;0.0;0.0;0.0;0.0001255018508793978;0.0
00001713_noNi_00004;0.9332320837392174;1.7055707394342219;1.190448215506267;1.9627868712012715;1.0923057343749627;1.8645188882190877
