;e_dz;g;e_tz_gas;g_tz_gas;e_tz_solv;g_tz_solv
00001136_Ni_00001;0.5569146546813868;0.1719375947739367;0.8487065581367391;0.46372949822928905;0.37029333821811167;0.005145577669544492
00001136_noNi_00000;0.5569146546813868;0.16817253796344256;0.848392803438201;0.45965068672025683;0.37004233444501333;0.0011295170859519838
00001136_noNi_00001;0.0;0.0;0.0;0.0;0.0;0.01982929935888288
00001136_noNi_00002;0.5569146546813868;0.16817253796344256;0.8485810562858597;0.4598389395679155;0.36891281735906134;0.0
00001136_noNi_00003;2.5262903753366928;1.7256510424948635;2.501189996457386;1.7005506636155567;2.81588599561692;2.035075962133974
