;e_dz;g;e_tz_gas;g_tz_gas;e_tz_solv;g_tz_solv
00001650_noNi_00000;0.2719626043104882;0.6789652465379271;0.9454685184803328;1.352282907860113;1.2198784096677044;1.6268810518951433
00001650_noNi_00001;0.0;0.0006275094684156908;0.0;0.00043925662075702685;6.27509254396989e-05;0.0006902603938553898
00001650_noNi_00002;0.0;0.0012550189368313817;0.002008030327466038;0.0030747964166387555;0.0023217850260040993;0.003576803962835481
00001650_noNi_00003;0.0;0.0;0.000188252847658664;0.0;0.0;0.0
