;e_dz;g;e_tz_gas;g_tz_gas;e_tz_solv;g_tz_solv
00000009_Ni_00002;7.166158147427439;8.322030591102726;7.595751130517844;8.75124706864049;7.568203464904332;8.728468474929867
00000009_Ni_00005;7.00482546269113;8.031493706441525;7.434732200480072;8.461023938677828;7.236125453334138;8.267186263434782
00000009_noNi_00000;0.0;0.05584834276033605;0.0;0.05547183720769786;0.007906619316305619;0.06814752842689108
00000009_noNi_00001;2.2120963836520153;3.327682719355138;2.3918150957486994;3.5070249258991835;2.548315957728021;3.668294859781393
00000009_noNi_00002;0.004392566350249403;0.0;0.004769071902887597;0.0;0.0;0.0
