;e_dz;g;e_tz_gas;g_tz_gas;e_tz_solv;g_tz_solv
00000297_Ni_00004;5.767502289830005;7.038146215442601;6.477905760642817;7.748110429705996;6.699353852638833;7.969621272556111
00000297_noNi_00000;0.0;0.0006275093970761236;0.0;0.000188252847658664;0.0;0.0002510037017587956
00000297_noNi_00001;0.0;0.0;0.00043925654941745956;0.0;0.000376505695317328;0.0
00000297_noNi_00002;0.0;0.0006275093970761236;0.0005647585429759919;0.000753011390634656;0.0005020075461967258;0.0007530112479555214
00000297_noNi_00003;5.767502289830005;7.03689119650577;6.478470519185793;7.74742016931214;6.700106864029467;7.9691192650099145
00000297_noNi_00004;5.767502289830005;7.038146215442601;6.479035277728769;7.749239946791947;6.700859875420102;7.97112729533738
