;e_dz;g;e_tz_gas;g_tz_gas;e_tz_solv;g_tz_solv
00000200_Ni_00004;7.072408232575045;8.225394132824029;7.456318526393322;8.617211045958612;7.441823057551643;8.599452527852636
00000200_Ni_00007;6.911389302537273;7.879008905402493;7.349077157934321;8.324603380115846;7.180716367123219;8.152979540040448
00000200_noNi_00000;0.007906619316305619;0.0;0.0;0.0;0.0032630492642974195;0.0
00000200_noNi_00001;2.199922699979019;3.339605399469055;2.32329106176917;3.4708803805755113;2.4876985429221183;3.6320248124641625
00000200_noNi_00002;0.0;0.10981415732944373;0.0026355398672212958;0.12035631651297064;0.0;0.11445772738145193
00000200_noNi_00003;2.199985450833119;3.337095361452713;2.322977307070632;3.4679938370065315;2.486694527687046;3.6284480083586477
