;e_dz;g;e_tz_gas;g_tz_gas;e_tz_solv;g_tz_solv
00000930_noNi_00000;0.0;0.0012550189368313817;0.0005020075461967258;0.0017570264830281074;0.000376505695317328;0.0016315246321487098
00000930_noNi_00001;1.8654601523860415;1.6785878322210075;1.7173679174832406;1.5304955973182066;1.6543032157291147;1.4674308955640807
00000930_noNi_00002;0.0;0.0;0.0;0.0;0.0;0.0
00000930_noNi_00003;1.8653974014606016;1.679842851157839;1.7168031589402646;1.5312486086375017;1.6534247024876005;1.4678701521848379
