;e_dz;g;e_tz_gas;g_tz_gas;e_tz_solv;g_tz_solv
00000377_Ni_00004;0.5402856536613616;0.6576299244691145;0.5295552417728552;0.6468995125806081;0.6713096310660595;0.7886539018738123
00000377_noNi_00000;0.0;0.0056475851444016505;0.0014432717844900457;0.007090856928891696;0.001757026625707242;0.007404611770108893
00000377_noNi_00001;0.0;0.0;0.0;0.0;0.0;0.0
00000377_noNi_00002;0.5402856536613616;0.6570024150720384;0.530120000173152;0.6468367615838287;0.6721253933107942;0.788842154721471
00000377_noNi_00003;0.5402856536613616;0.6570024150720384;0.5291787360775378;0.6458954974882146;0.6710586272216215;0.7877753886322982
00000377_noNi_00004;0.5402856536613616;0.6582574340088697;0.5296179926269553;0.6475897729744634;0.6713723820628387;0.7893441624103469
00000377_noNi_00005;0.5402856536613616;0.6576299244691145;0.5307475097129073;0.6480917805206602;0.6722508953043528;0.7895951661121057
00000377_noNi_00006;0.5402856536613616;0.6570024150720384;0.5308730115637866;0.6475897729744634;0.6725018990061116;0.7892186604167883
