;e_dz;g;e_tz_gas;g_tz_gas;e_tz_solv;g_tz_solv
00001520_noNi_00000;0.0;0.0031375474134180217;0.0011295170859519838;0.004329815496149272;0.0010667660891727176;0.0042670644993700055
00001520_noNi_00001;6.275099677926619e-05;0.003765056810494145;0.0006902605365345243;0.004455317347028669;0.0006902603938553898;0.004455317204349535
00001520_noNi_00002;6.275099677926619e-05;0.0;0.0011295170859519838;0.0011295170859519838;0.0009412640956141853;0.0009412640956141853
00001520_noNi_00003;6.275099677926619e-05;0.0;0.0;0.0;0.0;0.0
00001520_noNi_00004;0.0;0.0025100378736627633;0.000753011390634656;0.0033258002610766857;0.0006902603938553898;0.0032630492642974195
