;e_dz;g;e_tz_gas;g_tz_gas;e_tz_solv;g_tz_solv
00001068_Ni_00009;0.371234602456405;0.8389801613406261;0.26863680419209063;0.7365706159239704;0.059801652418488865;0.51292624075283
00001068_Ni_00010;0.0;0.026982907213214273;0.00012550199355853238;0.02729666205443147;0.0;0.012361936663334287
00001068_noNi_00000;0.0;0.037650568247620586;0.001694275628927976;0.039533096724207226;0.0006902603938553898;0.023719858091595988
00001068_noNi_00001;0.0010667660891727176;0.0;0.0008785132415140537;0.0;0.016629000877346024;0.0009412642382933199
00001068_noNi_00002;6.275099677926619e-05;0.014432717844900456;0.0;0.014558219695779855;0.0002510037017587956;0.0
00001068_noNi_00003;0.0009412642382933199;0.07655615528939341;0.001694275628927976;0.07749741952768674;0.015436732937293909;0.07643065343851402
00001068_noNi_00004;0.371234602456405;0.8358426140698872;0.26744453610935937;0.7322408005705002;0.060931169504440844;0.5109182105680431
00001068_noNi_00005;0.371234602456405;0.8389801613406261;0.2671935324076006;0.7351273441394803;0.06080566765356145;0.5139302559879025
