;e_dz;g;e_tz_gas;g_tz_gas;e_tz_solv;g_tz_solv
00000248_noNi_00000;6.275099677926619e-05;0.0;0.0;0.0;0.0;0.0
00000248_noNi_00001;6.275099677926619e-05;0.0012550189368313817;0.0010040150923934516;0.002259034029224833;0.0011295170859519838;0.0023845360227833655
00000248_noNi_00002;6.275099677926619e-05;0.005647585287080785;0.002384535880104231;0.008032121167185016;0.002008030327466038;0.0076556156145468224
00000248_noNi_00003;6.275099677926619e-05;0.0012550189368313817;0.0011295169432728493;0.002384535880104231;0.0010667660891727176;0.0023217850260040993
00000248_noNi_00004;0.0;0.0012550189368313817;0.0008785132415140537;0.0021962831751247015;0.0009412642382933199;0.0022590341719039677
