;e_dz;g;e_tz_gas;g_tz_gas;e_tz_solv;g_tz_solv
00000114_noNi_00000;0.0;0.0;0.0;0.0;0.0;0.0
00000114_noNi_00001;0.0;0.0031375474134180217;0.0013177697909315133;0.004455317204349535;0.0011922679400521155;0.004329815353470137
00000114_noNi_00002;0.0;0.0018825284765866398;0.0013805207877107795;0.0032630492642974195;0.0011295170859519838;0.003012045562538624
00000114_noNi_00003;0.0;0.0025100378736627633;0.0018197774798073736;0.004329815353470137;0.0016315246321487098;0.004141562505811473
