;e_dz;g;e_tz_gas;g_tz_gas;e_tz_solv;g_tz_solv
00001561_Ni_00002;6.27509254396989e-05;0.0006275094684156908;0.0008157623160743549;0.0013177698622710806;0.0008157622447347876;0.0014432717131504784
00001561_noNi_00000;0.0;0.0006275094684156908;0.0;0.0005647584716364246;6.27509254396989e-05;0.0007530113192950887
00001561_noNi_00001;0.0;0.0;0.0006275094684156908;0.0005647584716364246;0.00043925662075702685;0.0005020075461967258
00001561_noNi_00002;6.27509254396989e-05;0.0;0.0001255019222189651;0.0;0.0;0.0
00001561_noNi_00003;0.0;0.0012550189368313817;0.0005647585429759919;0.0017570264830281074;0.0006902603938553898;0.0020080302561264704
00001561_noNi_00004;3.717303349314596;5.112947161563511;4.051389391140917;5.446970452393052;4.280242094835702;5.675948658010056
