;e_dz;g;e_tz_gas;g_tz_gas;e_tz_solv;g_tz_solv
00000781_noNi_00000;0.23845359856867906;0.09412642040503276;0.2685113021985321;0.12286635410127514;0.20343857018827977;0.05779362194834369
00000781_noNi_00001;0.0;0.003137547270738887;0.0015687736353694436;0.003388550972497683;0.001506022781269312;0.0033257999757184166
00000781_noNi_00002;0.0;0.0025100378736627633;0.0014432717844900457;0.002635539724542161;0.0013177699336106479;0.0025100377309836288
00000781_noNi_00003;6.275085410013161e-05;0.0;0.0013805207877107795;0.0;0.001380520930389914;0.0
00000781_noNi_00004;0.0;0.0025100378736627633;0.0;0.0011922679400521155;0.0;0.001192267797372981
00000781_noNi_00005;0.23851634956545834;0.09098887313429388;0.2676955399537973;0.1188502935890222;0.20331306833740037;0.05446782182994614
00000781_noNi_00006;0.23845359856867906;0.09287140146820139;0.269327064585946;0.12242709755185768;0.20406607972803503;0.057166112551267564
