;e_dz;g;e_tz_gas;g_tz_gas;e_tz_solv;g_tz_solv
00001165_noNi_00000;0.025225880730186168;0.25916141109773644;0.0;0.26029092818368843;0.003639554959614747;0.2699545741257013
00001165_noNi_00001;0.028237926150045656;0.07718366482914868;0.0013805207877107795;0.07668165728295195;0.0025727888704420296;0.08389801634808132
00001165_noNi_00002;0.004078811651711342;0.9481668091303146;0.061997935593613565;1.0324413308883549;0.12876494323279386;1.1052324295099334
00001165_noNi_00003;0.004078811651711342;0.9236939397907631;0.05835838063399882;1.0043289065891887;0.12518813926995837;1.0771827562075464
00001165_noNi_00004;0.032755994351174454;0.003765056810494145;0.006965355078012298;0.004329815353470137;0.0012550189368313817;0.004643570194687334
00001165_noNi_00005;0.03269324349707432;0.0;0.006337845680936175;0.0;0.0003137546985380618;0.0
00001165_noNi_00006;0.02974394893131497;0.18197774626858776;0.004204313502590739;0.18279350865600166;0.0;0.18461328613580905
00001165_noNi_00007;0.0;0.8967110325775488;0.05315005203901463;0.9762164824327016;0.12638040721001048;1.0554709285860955
00001165_noNi_00008;0.0;0.9092612220885418;0.054969829518822;0.9905864494235019;0.12820018468981786;1.0698408955768959
