;e_dz;g;e_tz_gas;g_tz_gas;e_tz_solv;g_tz_solv
00000853_noNi_00000;0.0;0.0;0.0;0.0;0.0;0.0
00000853_noNi_00001;2.4302814263837336;2.4573270845223876;2.3202162653525313;2.3472619234911853;2.44822819726603;2.475273855404684
00000853_noNi_00002;4.368595428245453;4.158505257749039;4.452242440606418;4.242152270110004;4.598012890483215;4.3879227199868005
