;e_dz;g;e_tz_gas;g_tz_gas;e_tz_solv;g_tz_solv
00001137_noNi_00000;0.7425319557669101;0.5302455021667105;1.0482545696636454;0.8359681160634458;0.6440757200084072;0.43178926640820764
00001137_noNi_00001;0.7425319557669101;0.5296179926269553;1.045870033640862;0.8329560705009071;0.6420676896809412;0.4291537265409864
00001137_noNi_00002;0.0;0.0;0.0;0.0;0.0;0.0
00001137_noNi_00003;2.6142672029797875;1.8003246693790098;2.579440427447047;1.765497893846269;2.986129314833269;2.172186781232491
