;e_dz;g;e_tz_gas;g_tz_gas;e_tz_solv;g_tz_solv
00001509_Ni_00002;0.0;0.0;0.00012550199355853238;0.0;0.0;0.0
00001509_noNi_00000;0.0;0.013805208447824333;0.0;0.0136797064542658;0.00043925683477572875;0.014244465282600063
00001509_noNi_00001;1.5950035708568224;3.052833571761028;1.6895692480966311;3.147273747007278;1.8154476477604449;3.27327764866465
