;e_dz;g;e_tz_gas;g_tz_gas;e_tz_solv;g_tz_solv
00000296_noNi_00000;0.12092107477058837;0.0;0.25834564885300165;0.0;0.21843604657615623;0.0
00000296_noNi_00001;0.0;0.36019043572668136;0.0;0.2227658616442681;0.0;0.2626754639211135
