;e_dz;g;e_tz_gas;g_tz_gas;e_tz_solv;g_tz_solv
00001295_noNi_00000;0.0;0.0;0.0005020076888758604;0.0;0.0002510038444379302;0.0
00001295_noNi_00001;0.0;0.0006275095397552581;0.0;0.0001255018508793978;0.0;0.000376505695317328
