;e_dz;g;e_tz_gas;g_tz_gas;e_tz_solv;g_tz_solv
00001760_noNi_00000;0.0;0.3081071496341603;0.028739933696242382;0.43323253790733945;0.014683721546659253;0.4191763257577563
00001760_noNi_00001;0.0;0.342620170611042;0.028614431845362984;0.46762005703334175;0.014369966848121191;0.45337559203609995
00001760_noNi_00002;0.09638545457693673;0.0;0.0;0.0;0.0;0.0
