;e_dz;g;e_tz_gas;g_tz_gas;e_tz_solv;g_tz_solv
00001055_noNi_00000;0.0;0.0012550189368313817;0.004329815353470137;0.005647585287080785;0.004016060654932076;0.005333830588542724
00001055_noNi_00001;6.275099677926619e-05;0.0;0.0;0.0;0.0;0.0
00001055_noNi_00002;0.0;0.0018825283339075052;0.003702305813714879;0.0056475851444016505;0.003576803962835481;0.005522083293522252
