;e_dz;g;e_tz_gas;g_tz_gas;e_tz_solv;g_tz_solv
00000720_noNi_00000;0.0;0.0;0.0;0.0;0.0;0.0
00000720_noNi_00001;2.7456676859371236;2.3092348496195867;2.6631501906621113;2.2267173543445744;2.413840678211367;1.9774078418938306
00000720_noNi_00002;2.634661260667628;3.1337822932579917;2.5065238269745893;3.005644859564953;2.5565363317428647;3.055657364333229
00000720_noNi_00003;2.7456676859371236;2.3092348496195867;2.6631501906621113;2.2267173543445744;2.413715176360488;1.9772823400429511
00000720_noNi_00004;0.0;0.003765056810494145;0.002635539724542161;0.006400596535036307;0.002447286876883497;0.006212343687377642
00000720_noNi_00005;2.634724011664407;3.1162120279996732;2.4978014452708694;2.9792894616061356;2.547500195340607;3.0289882116758733
