;e_dz;g;e_tz_gas;g_tz_gas;e_tz_solv;g_tz_solv
00000989_noNi_00000;0.0;0.10479408143943908;0.0039533096581528095;0.1219878408597611;0.0;0.0
00000989_noNi_00001;0.013428702609827871;0.0018825284765866398;0.0;0.001694275628927976;0.23010772256027684;0.11376746698759654
00000989_noNi_00002;0.013428702609827871;0.0;0.000188252847658664;0.0;0.22991946971261817;0.11169668566335124
