;e_dz;g;e_tz_gas;g_tz_gas;e_tz_solv;g_tz_solv
00000392_Ni_00001;0.0;0.006902604081233032;0.004141562505811473;0.011044166587044504;0.0039533096581528095;0.01085591373938584
00000392_Ni_00002;0.0;0.0018825283339075052;0.0011295170859519838;0.0030120454198594893;0.0009412640956141853;0.0028237924295216907
00000392_noNi_00000;0.0;0.0018825283339075052;0.0012550189368313817;0.003137547270738887;0.0010040150923934516;0.002886543426300957
00000392_noNi_00001;0.0;0.0;0.0;0.0;0.0;0.0
00000392_noNi_00002;0.0;0.006275094684156908;0.0027610417181006936;0.009036136402257602;0.002447286876883497;0.008722381561040406
00000392_noNi_00003;0.0;0.0025100378736627633;0.0023217850260040993;0.004831822899666863;0.0019452793306867714;0.004455317204349535
