;e_dz;g;e_tz_gas;g_tz_gas;e_tz_solv;g_tz_solv
00000253_noNi_00000;0.003765056810494145;0.0;0.0;0.0;0.0;0.0
00000253_noNi_00001;2.0584193145302527;2.9938476814445947;2.313501913976278;3.252695337701114;2.497048433880235;3.4362418576050713
00000253_noNi_00002;0.0;0.018825284052470727;0.004769072045566731;0.0273594129085316;0.008847883554598939;0.03143822441756381
