;e_dz;g;e_tz_gas;g_tz_gas;e_tz_solv;g_tz_solv
00000208_noNi_00000;0.0;0.01506022724197658;0.008534128856060877;0.023594356098037457;0.008408627005181479;0.02346885424715806
00000208_noNi_00001;0.0;0.0;0.0;0.0;0.0;0.0
