;e_dz;g;e_tz_gas;g_tz_gas;e_tz_solv;g_tz_solv
00000073_noNi_00000;0.0;0.0;0.0;0.0;0.0;0.0
00000073_noNi_00001;0.392130667833121;1.3183973964229865;0.5537143562711895;1.479981084861055;0.6963472588059078;1.6226139873957734
00000073_noNi_00002;0.0;0.0012550189368313817;0.0003765056239777607;0.0016315245608091425;0.0005020075461967258;0.0017570264830281074
00000073_noNi_00003;0.0;0.0012550189368313817;0.0001255018508793978;0.0013805207877107795;0.0003137546985380618;0.0015687736353694436
