;e_dz;g;e_tz_gas;g_tz_gas;e_tz_solv;g_tz_solv
00000013_noNi_00000;0.0;0.0;0.0;0.0;0.0;0.0
00000013_noNi_00001;0.0;0.0012550189368313817;0.0005020075461967258;0.0017570264830281074;0.0005647585429759919;0.0018197774798073736
