;e_dz;g;e_tz_gas;g_tz_gas;e_tz_solv;g_tz_solv
00001782_noNi_00000;0.0;0.0;0.0;0.0;0.0;0.0
00001782_noNi_00001;0.0;0.0;0.000188252847658664;0.000188252847658664;0.0;0.0
