;e_dz;g;e_tz_gas;g_tz_gas;e_tz_solv;g_tz_solv
00001803_noNi_00000;0.0;0.003765056810494145;0.0002510038444379302;0.004016060654932076;0.0003137546985380618;0.004078811509032207
00001803_noNi_00001;0.0;0.0;0.0;0.0;0.0;0.0
00001803_noNi_00002;1.367343135173429;2.3989687038170495;1.4504881399881966;2.482113708631817;1.4011658954710973;2.4327914641147173
00001803_noNi_00003;1.367343135173429;2.3826534576382414;1.450299887140538;2.4656102096053503;1.4010403936202178;2.41635071608503
