;e_dz;g;e_tz_gas;g_tz_gas;e_tz_solv;g_tz_solv
00000416_Ni_00001;0.0;0.006275094684156908;0.0006902603938553898;0.006965355078012298;0.0005020076888758604;0.006777102373032769
00000416_noNi_00000;0.0;0.0;0.0;0.0;0.0;0.0
00000416_noNi_00001;0.0;0.011295170431482435;0.002008030327466038;0.013303200758948473;0.0018197774798073736;0.01311494791128981
00000416_noNi_00002;0.0;0.008157623160743548;0.0011295170859519838;0.009287140246695533;0.0010040152350725862;0.009161638395816135
