;e_dz;g;e_tz_gas;g_tz_gas;e_tz_solv;g_tz_solv
00001419_noNi_00000;6.275085410013161e-05;0.0037650569531732796;0.0017570264830281074;0.005459332582101256;0.0018197776224865082;0.005522083721559656
00001419_noNi_00001;0.0;0.0;0.0;0.0;0.0;0.0
00001419_noNi_00002;0.0;0.0012550190795105162;0.0010040150923934516;0.0022590341719039677;0.0010667662318518522;0.0023217853113623684
00001419_noNi_00003;0.23148824349066677;0.10855913824993323;0.2838852839963676;0.16095617875563406;0.3139429879115789;0.19101388267084535
00001419_noNi_00004;0.23148824349066677;0.1123241952031065;0.285077552221778;0.16591350393421772;0.315135255851631;0.19597120756407074
00001419_noNi_00005;6.275085410013161e-05;0.0012550190795105162;0.0008157622447347876;0.0020080304701451724;0.0005020076888758604;0.001694275914286245
00001419_noNi_00006;0.23148824349066677;0.11106917612359599;0.2851403030758781;0.16472123570880734;0.31507250499753087;0.1946534376304601
00001419_noNi_00007;0.23148824349066677;0.10604910037627045;0.28181450295748056;0.15637535984308426;0.31199770858089215;0.18655856546649582
