;e_dz;g;e_tz_gas;g_tz_gas;e_tz_solv;g_tz_solv
00001131_Ni_00000;1.039281184258167;0.628136979453577;0.8664650761713767;0.45532087136678673;0.806851676529207;0.39570747172461695
00001131_Ni_00001;2.2858914973659874;2.4466594234879815;2.493157875290201;2.653925801412195;2.356925569290519;2.517693495412513
00001131_Ni_00002;2.285828746369208;2.447286932956397;2.4929696224425424;2.6544278090297313;2.356611814591981;2.51807000117917
00001131_Ni_00003;1.039281184258167;0.6275094699851613;0.864959053461447;0.4531873391884413;0.8056594085178153;0.39388769424480957
00001131_noNi_00000;0.0;0.0;0.0;0.0;0.0;0.0
