;e_dz;g;e_tz_gas;g_tz_gas;e_tz_solv;g_tz_solv
00000532_Ni_00001;6.241522943398383;6.235561603412765;6.2119672473147265;6.204750888392277;6.251249340123157;6.244534988818243
00000532_Ni_00002;6.209519960437843;6.128884993496738;6.318392853457654;6.236502867579718;6.603972413225629;6.522584434965229
00000532_noNi_00000;0.0;0.0012550189368313817;0.0;0.0;0.0;0.0005020076175362931
00000532_noNi_00001;1.0833950999662636;1.3554204552021916;0.9940377514641184;1.2648080877632148;0.8294420174635113;1.1007143613801442
00000532_noNi_00002;6.275099677926619e-05;0.0;0.0013805208590503468;6.27509254396989e-05;0.0008157623160743549;0.0
00000532_noNi_00003;1.0849638736729725;1.324672491178483;0.9856291245302765;1.2240827230989555;0.8182095979574686;1.057165204143684
