;e_dz;g;e_tz_gas;g_tz_gas;e_tz_solv;g_tz_solv
00001705_Ni_00004;2.6339082493483326;2.434736743588083;2.7715210761357256;2.5716593099816207;1.7228900007767627;1.5237184950165135
00001705_noNi_00000;0.0;0.0;0.0006902603938553898;0.0;0.0;0.0
00001705_noNi_00001;6.27509254396989e-05;0.006902604152572599;0.0014432717844900457;0.007592864617767556;0.001004015163733019;0.00784386839086592
00001705_noNi_00002;0.0;0.005020075747325527;0.0;0.004329815353470137;0.00043925662075702685;0.005459332368082554
00001705_noNi_00003;0.0;0.004392566278909836;0.0008785132415140537;0.0045808191265685;0.00043925662075702685;0.004831822899666863
00001705_noNi_00004;2.6339082493483326;2.435991762524915;2.771897581831043;2.5732908346137693;1.7233292574688595;1.5254127706454415
00001705_noNi_00005;2.6339082493483326;2.434736743588083;2.771772079908824;2.571910313754719;1.7232037555466404;1.524032249786391
