;e_dz;g;e_tz_gas;g_tz_gas;e_tz_solv;g_tz_solv
00000023_Ni_00006;1.4730157298543822;1.7181209289452146;1.4570142383741125;1.4733294846955995;1.7146068758364794;2.1384267720742813
00000023_noNi_00000;0.3488325144410988;0.0018825284765866398;0.5788147351504962;0.0030747964166387555;0.17118458338330203;0.0029492945657593576
00000023_noNi_00001;0.0;0.5346380685169599;0.0;0.3058481157476146;0.0;0.7133527656639295
00000023_noNi_00002;1.7614190823372369;1.8053447452690146;1.8806458816215765;1.6957815917840087;1.5941878084694086;1.8168281685481555
00000023_noNi_00003;0.34876976344431954;0.0012550189368313817;0.5781244747566409;0.0018197774798073736;0.1706825758371053;0.0018825284765866398
00000023_noNi_00004;0.3488325144410988;0.0;0.5776224672104441;0.0;0.17011781729412934;0.0
00000023_noNi_00005;1.471446956219013;2.2257760901062813;1.434235644663489;1.959774825781412;1.6451415774759777;2.5781854085102154
00000023_noNi_00007;1.7614190823372369;1.8091098020795087;1.8821519044028459;1.701052671375772;1.5958193331015573;1.8222247499907984
00000023_noNi_00008;1.4773455452078523;2.4046162891041303;1.4110177942607687;2.1094985853877013;1.5441753037011328;2.65016074474438
