;e_dz;g;e_tz_gas;g_tz_gas;e_tz_solv;g_tz_solv
00001533_Ni_00001;0.0;0.0;0.0;0.0;0.0;0.0
00001533_noNi_00000;0.0;0.011922679971237693;0.0021335321783454353;0.014056212149583129;0.0018825283339075052;0.013805208305145198
00001533_noNi_00001;0.0;0.011295170431482435;0.0023217850260040993;0.013616955457486535;0.002008030327466038;0.013303200758948473
00001533_noNi_00002;0.0;0.005647585287080785;0.0015060226385901774;0.007153607925670962;0.0011922679400521155;0.0068398532271329
