;e_dz;g;e_tz_gas;g_tz_gas;e_tz_solv;g_tz_solv
00000398_Ni_00005;0.26763278895701803;0.3470127369612914;0.2626754641351322;0.3418044083663072;0.5035763496520343;0.5827680448086491
00000398_Ni_00006;0.26763278895701803;0.3476402464297071;0.26311472075588926;0.34287117445547993;0.5039528553473517;0.583772059972382
00000398_noNi_00000;0.0;0.0;0.0002510037730983629;0.0;0.000188252847658664;0.0
00000398_noNi_00001;0.26763278895701803;0.3470127369612914;0.26248721128747354;0.34161615551864855;0.5035135987265946;0.5827052938832094
00000398_noNi_00002;0.26763278895701803;0.34575771802446004;0.26305196975911;0.3409258950534536;0.5038273534251327;0.581764029644916
00000398_noNi_00003;6.275099677926619e-05;0.0025100378736627633;0.0;0.0021962831037851344;0.0;0.002259034029224833
00000398_noNi_00004;0.26763278895701803;0.3482677558981228;0.26324022260676866;0.34362418577477505;0.5040783572695706;0.5845250713630167
