;e_dz;g;e_tz_gas;g_tz_gas;e_tz_solv;g_tz_solv
00000491_Ni_00007;0.0;0.0;0.0;0.0;0.0;0.0
00000491_noNi_00000;0.0;0.0018825284052470725;0.007718366539986522;0.009600894945233593;0.007906619316305619;0.00978914772155269
00000491_noNi_00001;1.4770317904379748;1.6108168094894337;1.568208916491267;1.7019939355427258;1.5577295083045193;1.6915145273559782
00000491_noNi_00002;1.4770317904379748;1.6114443189578493;1.5674559051719719;1.7018684336918464;1.5572275007583225;1.6916400292781972
00000491_noNi_00003;2.782753495641768;2.6254996224858305;3.094688453225881;2.9374345800699433;3.070466587659428;2.91321271450349
00000491_noNi_00005;2.782753495641768;2.6254996224858305;3.09487670607354;2.9376228329176017;3.0709685952056245;2.913714722049687
00000491_noNi_00007;3.5491308113511537;3.296307245863014;3.8945120236802966;3.6416884581921565;3.8932570046721255;3.6404334391839854
