;e_dz;g;e_tz_gas;g_tz_gas;e_tz_solv;g_tz_solv
00000236_noNi_00000;0.0013805207877107795;0.0056475851444016505;0.0032630492642974195;0.00753011362098829;0.0;0.002949294423080223
00000236_noNi_00001;0.0;0.0;0.0;0.0;0.0013177699336106479;0.0
00000236_noNi_00002;0.7420926992174927;0.8816508053355723;0.7405866764362233;0.880144782554303;1.04185397298593;1.1800943091703988
00000236_noNi_00003;0.2998867757619958;0.3407376421344554;0.31111919519669895;0.35197006156915855;0.5051451234300829;0.5446782198689318
00000236_noNi_00004;0.2998867757619958;0.3401101327373793;0.31049168579962283;0.3507150427750063;0.5045803648871069;0.5434859519288797
00000236_noNi_00005;0.2998867757619958;0.3438751895478734;0.31249971598440973;0.3564881297702873;0.5067766479195525;0.5494472917718195
00000236_noNi_00006;1.2976895839652687;1.5512034097759244;1.2939872780088748;1.5475011038195303;1.6748227754105134;1.9270188312875585
00000236_noNi_00007;0.2998867757619958;0.339482623197624;0.3106171876505022;0.35021303508613044;0.5049568705824242;0.5432349480844418
00000236_noNi_00008;1.300011368991273;1.5436732961549362;1.2978150858161481;1.5414770129798114;1.6797801003037387;1.9221242575337913
