;e_dz;g;e_tz_gas;g_tz_gas;e_tz_solv;g_tz_solv
00001209_noNi_00000;0.0;0.07467362681280677;6.275099677926619e-05;0.07856418547418033;0.0;0.08283124997355033
00001209_noNi_00001;0.0;0.07592864574963816;0.0;0.07975645341423243;6.275085410013161e-05;0.08414901976448184
00001209_noNi_00002;0.00822037401484368;0.0;0.004392566350249403;0.0;6.275085410013161e-05;0.0
00001209_noNi_00003;6.275085410013161e-05;0.07467362681280677;0.000188252847658664;0.07862693647095959;0.0006275093970761236;0.08339600851652632
