;e_dz;g;e_tz_gas;g_tz_gas;e_tz_solv;g_tz_solv
00001420_noNi_00000;0.0;0.0;0.0003137546985380618;0.0;0.000188252847658664;0.0
00001420_noNi_00001;0.0;0.0025100378736627633;0.0;0.0021962831751247015;0.0;0.0023217850260040993
00001420_noNi_00002;6.275099677926619e-05;0.0018825283339075052;0.0013177697909315133;0.0028237924295216907;0.0010040150923934516;0.0026355395818630266
