;e_dz;g;e_tz_gas;g_tz_gas;e_tz_solv;g_tz_solv
00000031_noNi_00000;0.0;0.0018825284052470725;0.0014432717844900457;0.0033258001897371182;0.0013177699336106479;0.0032002983388577204
00000031_noNi_00001;0.0;0.0;0.0;0.0;0.0;0.0
