;e_dz;g;e_tz_gas;g_tz_gas;e_tz_solv;g_tz_solv
00000192_Ni_00005;0.052020535095741775;0.46310198883221293;0.19220615061089746;0.6026600949502925;0.4070653932242182;0.8175193375636133
00000192_noNi_00000;0.052020535095741775;0.4612194604983054;0.1921433996141182;0.6007148156196057;0.4065006346812422;0.8150720506867297
00000192_noNi_00001;0.0;0.0006275093970761236;0.0;0.0;0.0;0.0
00000192_noNi_00002;0.0;0.008157623160743548;0.0028237925722008252;0.01035390633586825;0.0028865435689800914;0.010416657332647516
00000192_noNi_00003;0.0;0.0;0.0010040150923934516;0.000376505695317328;0.0006902603938553898;6.275099677926619e-05
00000192_noNi_00004;0.0;0.0006275093970761236;0.0001255018508793978;0.0001255018508793978;0.000376505695317328;0.000376505695317328
