;e_dz;g;e_tz_gas;g_tz_gas;e_tz_solv;g_tz_solv
00001457_noNi_00000;0.0;0.0;0.0;0.0;0.0;0.0
00001457_noNi_00001;6.275099677926619e-05;0.0031375474134180217;0.0020707813242453036;0.005145577740884059;0.0015687737780485781;0.004643570194687334
