;e_dz;g;e_tz_gas;g_tz_gas;e_tz_solv;g_tz_solv
00000203_noNi_00000;0.0;0.0006275095397552581;0.0;0.00018825299033779856;0.0;0.000376505695317328
00000203_noNi_00001;0.0;0.0012550189368313817;0.0011922679400521155;0.002008030327466038;0.0010667662318518522;0.0020707813242453036
00000203_noNi_00002;0.0;0.0;0.00043925654941745956;0.0;0.0002510038444379302;0.0
