;e_dz;g;e_tz_gas;g_tz_gas;e_tz_solv;g_tz_solv
00000122_noNi_00000;0.005333830445863589;1.435741667302079;0.0;1.4216227042983958;0.11659125955979736;1.5366451900801446
00000122_noNi_00001;0.0;0.6682975855035208;0.01179717797767916;0.6713096309233803;0.008408627005181479;0.666352306172834
00000122_noNi_00002;0.005396581442642855;1.4426442715259913;0.0010040150923934516;1.429466572617922;0.118473788036384;1.5453675717838642
00000122_noNi_00003;0.0;0.665787547629858;0.012048181822117091;0.6690505968941555;0.008345876008402212;0.663779517302392
00000122_noNi_00004;0.002949294423080223;0.6582574340088697;0.0012550189368313817;0.6477780259648013;0.0;0.6449542332499213
00000122_noNi_00005;0.0025100378736627633;0.0;0.011295170431482435;0.0;0.012863944209531013;0.0
