;e_dz;g;e_tz_gas;g_tz_gas;e_tz_solv;g_tz_solv
00001907_noNi_00000;0.0;0.0025100378736627633;0.0005020075461967258;0.0030120454198594893;0.0005647584002968574;0.003074796273959621
00001907_noNi_00001;0.35360158634398636;1.0937490062307922;0.3047813496584419;1.0449287695452478;0.6037896120362445;1.3439370319230504
00001907_noNi_00002;0.0;0.0;0.0005020075461967258;0.0005020075461967258;0.0003765055526381934;0.0003765055526381934
00001907_noNi_00003;0.35366433734076563;1.0987690819781177;0.3066638779923494;1.0517686226297016;0.6058603932178106;1.3509651378551628
00001907_noNi_00004;0.0;0.0;0.0;0.0;0.0;0.0
00001907_noNi_00005;0.35360158634398636;1.0943765157705476;0.3035263307216105;1.0443012601481716;0.6032248534932685;1.3439997829198296
