;e_dz;g;e_tz_gas;g_tz_gas;e_tz_solv;g_tz_solv
00001808_noNi_00000;0.004016060654932076;0.08910634465770724;0.026982907213214273;0.11207319121598944;0.03313249990381265;0.11822278390658782
00001808_noNi_00001;0.004831822899666863;0.08471377845013697;0.02880268469302165;0.10868464024349175;0.027484914759411;0.10736687030988111
00001808_noNi_00002;0.004078811509032207;0.07279109847889928;0.033195250900591916;0.10190753787045899;0.03821532664791744;0.10692761361778451
00001808_noNi_00003;0.0;0.0;0.0;0.0;0.0;0.0
