;e_dz;g;e_tz_gas;g_tz_gas;e_tz_solv;g_tz_solv
00000481_noNi_00000;3.3585561853010653;2.4962326716355;2.508531857302055;1.64620834363649;1.8933215728407697;1.0309980591752046
00000481_noNi_00001;3.3585561853010653;2.489957576951343;2.5069003326699066;1.6383017243201843;1.8910625387402054;1.0224639303904832
00000481_noNi_00002;0.0;0.0;0.0;0.0;0.0;0.0
