;e_dz;g;e_tz_gas;g_tz_gas;e_tz_solv;g_tz_solv
00000116_noNi_00000;0.0;0.0012550189368313817;0.0;0.0008157623874139222;0.0;0.0009412642382933199
00000116_noNi_00001;0.0;0.0;0.00043925654941745956;0.0;0.0003137546985380618;0.0
