;e_dz;g;e_tz_gas;g_tz_gas;e_tz_solv;g_tz_solv
00000446_Ni_00002;0.0;0.0;0.0;0.0;0.0;0.0
00000446_noNi_00000;1.2233297117796604;0.7580314397723229;1.126818755280505;0.6615204832731671;0.6620224908193639;0.19672421881202626
00000446_noNi_00001;0.934361600896509;0.5440507104718557;0.9782872637569469;0.5879763733322937;0.3965232340406913;0.006212343616038075
00000446_noNi_00002;0.934361600896509;0.5440507104718557;0.9787265203777039;0.5884156299530507;0.3970252416582276;0.0067143512335743685
00000446_noNi_00003;0.0;0.0006275094684156908;0.0012550189368313817;0.0018825284052470725;0.0011922679400521155;0.0018197774084678063
