;e_dz;g;e_tz_gas;g_tz_gas;e_tz_solv;g_tz_solv
00000346_Ni_00003;6.163398014330941;5.88603882857781;6.6133850552518645;6.336025869498734;5.613574216721125;5.3362150309679945
00000346_noNi_00000;0.0;0.0;0.0;0.0;0.0;0.0
00000346_noNi_00001;0.0;0.0006275095397552581;0.00012550199355853238;0.0007530115333137905;0.0003765055526381934;0.0010040150923934516
00000346_noNi_00002;6.275099677926619e-05;0.0006275095397552581;0.0;0.0005647585429759919;0.0001255018508793978;0.0006902603938553898
