;e_dz;g;e_tz_gas;g_tz_gas;e_tz_solv;g_tz_solv
00001438_Ni_00005;0.8056594085178153;1.5179454078785533;0.8806467902431788;1.5929327896039167;0.8502125809180084;1.5624985802787463
00001438_noNi_00000;0.0;0.0;0.0;0.0;0.0;0.0
00001438_noNi_00001;0.8056594085178153;1.5135528415996433;0.8817135563323515;1.5896069894141798;0.8514048488580606;1.5592982819398886
00001438_noNi_00002;0.8056594085178153;1.5160628794733062;0.8810232959384962;1.591426766893987;0.8509028413118638;1.5613063122673547
00001438_noNi_00003;0.8056594085178153;1.5154353700048904;0.8813998015624739;1.591175763049549;0.8511538450849622;1.5609298065720374
00001438_noNi_00004;3.8052801770290308;4.445904594925482;4.0674536336179665;4.708078051514417;4.021143434663405;4.661767852559857
00001438_noNi_00005;3.6091207166886408;4.108304500061765;3.820152151494688;4.319335934867812;3.749369083200576;4.2485528665737
00001438_noNi_00006;3.6091207166886408;4.101401895909192;3.8200894005692483;4.312370579789801;3.749055328502038;4.24133650772259
