;e_dz;g;e_tz_gas;g_tz_gas;e_tz_solv;g_tz_solv
00000018_noNi_00000;0.0;0.0;0.0;0.0;0.0;0.0
00000018_noNi_00001;0.005522083293522252;0.09349891115063577;0.010604910037627046;0.09858173789474056;0.0003137546985380618;0.08829058255565159
