;e_dz;g;e_tz_gas;g_tz_gas;e_tz_solv;g_tz_solv
00000902_Ni_00007;0.4951677227181924;0.49887002867458646;0.40693989123065966;0.4106421971870537;0.5357048345347931;0.5394071404911871
00000902_Ni_00012;2.9915886472726907;3.4224366493712655;3.087911350924188;3.5187593530227628;3.034133789345418;3.464981791443993
00000902_Ni_00013;2.9915886472726907;3.423064158839681;3.0875348452288707;3.519010356795861;3.033506279877002;3.464981791443993
00000902_noNi_00000;0.4951677227181924;0.49949753814300213;0.40775565354673404;0.41208546897154374;0.5366460987730864;0.5409759141978961
00000902_noNi_00001;0.0;0.0;0.0;0.0;0.0;0.0
00000902_noNi_00002;0.9174188451066062;1.3221624533048202;0.9292787740810646;1.3340223822792787;0.9733926898605008;1.3781362980587148
00000902_noNi_00003;0.9174188451066062;1.322789962773236;0.9289022683857473;1.334273386052377;0.9732044370128421;1.378575554679472
00000902_noNi_00004;0.7486815486001877;0.6996730590669845;0.8345248441362766;0.7855163546030735;0.780684531632067;0.7316760420988638
00000902_noNi_00006;2.9915886472726907;3.4224366493712655;3.0881623546972863;3.519010356795861;3.0343847931898558;3.4652327952884305
