;e_dz;g;e_tz_gas;g_tz_gas;e_tz_solv;g_tz_solv
00000965_noNi_00000;0.0;0.0025100378736627633;6.275099677926619e-05;0.0025727888704420296;0.0001255018508793978;0.002635539724542161
00000965_noNi_00001;0.0;0.0;0.0;0.0;0.0;0.0
