;e_dz;g;e_tz_gas;g_tz_gas;e_tz_solv;g_tz_solv
00000799_noNi_00000;0.0;0.16942755690027395;0.1888803504924999;0.7710836367581729;0.0;0.2756649101242031
00000799_noNi_00001;0.41283848021949926;0.0006275095397552581;0.0005020076888758604;0.0010667663745309868;0.30678937998590794;0.0008157625300930567
00000799_noNi_00002;0.41277572936539914;0.0;0.0;0.0;0.30653837614147;0.0
