;e_dz;g;e_tz_gas;g_tz_gas;e_tz_solv;g_tz_solv
00000520_noNi_00000;0.02158632577057142;0.0;0.021084318081695558;0.0;0.016126993331149298;0.0
00000520_noNi_00001;0.0;0.14809223497414045;0.0;0.1485942426630163;0.0;0.15355156741356257
00000520_noNi_00002;2.3190867482665793;2.3048422832693376;2.590610095884971;2.576867638576605;2.3141921743701332;2.3054070418123134
