;e_dz;g;e_tz_gas;g_tz_gas;e_tz_solv;g_tz_solv
00000774_noNi_00000;6.27509254396989e-05;0.0;0.0;0.0;0.0;0.0
00000774_noNi_00001;0.21002741957097473;0.21209820082388048;0.19076287889774698;0.19289641107609243;0.14821773675368027;0.15035126893202572
00000774_noNi_00002;0.0;0.0025100378736627633;0.001004015163733019;0.003576803962835481;0.0013177698622710806;0.003890558661373543
