;e_dz;g;e_tz_gas;g_tz_gas;e_tz_solv;g_tz_solv
00001412_noNi_00000;0.0;0.0;0.0;0.0;0.0;0.0
00001412_noNi_00001;0.0;0.004392566350249403;0.00119226808273125;0.005584834432980653;0.0015060226385901774;0.00589858898883958
00001412_noNi_00002;0.0;0.0012550189368313817;0.00031375484121719634;0.0015687737780485781;0.0003137546985380618;0.0015687736353694436
00001412_noNi_00003;0.0013805207877107795;0.10604910051894959;0.00119226808273125;0.10586084781397007;0.012675691219193215;0.11734427095043203
