;e_dz;g;e_tz_gas;g_tz_gas;e_tz_solv;g_tz_solv
00001591_noNi_00000;0.0;0.0;0.0;0.0;0.0;0.0
00001591_noNi_00001;6.27509254396989e-05;0.018825284123810293;0.005459332439422121;0.024221865637792717;0.005271079591763457;0.02403361279013405
