;e_dz;g;e_tz_gas;g_tz_gas;e_tz_solv;g_tz_solv
00000110_noNi_00000;0.006212343830056777;0.06965355120816039;0.015750487778511103;0.06927704551284306;0.021398072922912754;0.07856418561685946
00000110_noNi_00001;0.005145577598204925;0.14558219710047768;0.028300677146824924;0.15882264700532603;0.029430194232776905;0.16359171905089276
00000110_noNi_00002;0.00822037401484368;0.018197774655394603;0.019201789747788054;0.01926454074456732;0.02221383531032668;0.02591614126672069
00000110_noNi_00003;0.0035140531087353493;0.0;0.013428702752507005;0.0;0.009789147792892259;0.0
00000110_noNi_00004;0.0;0.12989446031874585;0.0;0.1199798106749742;0.0;0.12361936563458893
