;e_dz;g;e_tz_gas;g_tz_gas;e_tz_solv;g_tz_solv
00000538_noNi_00000;0.0;0.003765056810494145;0.0026355397958817287;0.2377633381034841;0.0037023058850544463;0.44760250489813974
00000538_noNi_00001;0.7745976897242292;0.025727888276382893;0.5202053506720595;0.0026982907213214274;0.3112446971189179;0.0025100378736627633
00000538_noNi_00002;0.0;0.0;0.0;0.23136274149710823;0.0;0.44013514220259115
00000538_noNi_00003;0.7745976897242292;0.02447286933955151;0.5187620788875694;0.0;0.3099896781820865;0.0
