;e_dz;g;e_tz_gas;g_tz_gas;e_tz_solv;g_tz_solv
00000399_Ni_00008;4.474770030615283;4.199293373196059;4.460023558071844;4.184546900652621;4.384220414030406;4.108743756611183
00000399_Ni_00010;4.474770030615283;4.1999208826644745;4.45927054668121;4.184421398730402;4.383404651785671;4.108555503834864
00000399_Ni_00012;4.949794699347394;4.9523047372210565;5.099581209879123;5.102091247752785;5.185361754418432;5.187871792292095
00000399_Ni_00014;4.474770030615283;4.199293373196059;4.4595215504543075;4.184044893035084;4.38365565555877;4.108178998139547
00000399_noNi_00000;0.0;0.0;0.0;0.0;0.0;0.0
00000399_noNi_00001;0.9000995837640652;0.43486406268216726;0.7915404455141319;0.3263049244322341;0.5729788970870964;0.10774337600519843
00000399_noNi_00002;0.8063496689830102;0.6017815817087785;0.7594119606313732;0.5548438733571415;0.8078556916929399;0.6032876044187082
00000399_noNi_00003;0.8063496689830102;0.6011540722403628;0.7589099530138369;0.5537143562711895;0.8073536841467432;0.6021580874040958
00000399_noNi_00006;4.474770030615283;4.197410844790812;4.459458799528869;4.1820996137043975;4.383592904561991;4.10623371873752
