;e_dz;g;e_tz_gas;g_tz_gas;e_tz_solv;g_tz_solv
00000356_Ni_00005;2.1366069943804553;1.5775588075920626;2.337723779542731;1.793735819996315;2.2627991488854864;2.0250358107106625
00000356_noNi_00000;0.0;0.2221383523898711;0.0;0.23719857963184768;0.047565217891392245;0.5909884188948323
00000356_noNi_00001;0.321284848613569;0.0;0.3062246213715924;0.0;0.0;0.0
00000356_noNi_00002;1.5099132867113683;1.0316255687149598;1.3732417241622688;0.9100142334078368;1.2996976142927348;1.1426947449098952
00000356_noNi_00003;1.1864949058481142;1.2255259949547852;1.334838144595353;1.3889294609440006;0.9707571501359586;1.3310730878561985
00000356_noNi_00004;1.2626118045880903;1.7965596126398553;1.427270289514137;1.9762783248078786;1.5091602753920732;2.3643929320574073
00000356_noNi_00005;2.1367952472281138;1.5813238644025567;2.3357785001407048;1.7953673445571239;2.263301156431683;2.0291146222196947
