;e_dz;g;e_tz_gas;g_tz_gas;e_tz_solv;g_tz_solv
00000974_Ni_00005;2.8505872693701213;2.8018297835386767;2.6902585997975446;2.6415011139661;1.408382254464887;1.3596247686334426
00000974_noNi_00000;0.0;0.0;0.0;0.0;0.0;0.0
00000974_noNi_00001;5.259156868061065;5.991460419557004;7.036640192804011;7.768943744299951;6.777227777933176;7.509531329429116
00000974_noNi_00002;2.8505872693701213;2.79994725513343;2.68950558840691;2.6388655741702185;1.4075664921488127;1.3569264779121213
00000974_noNi_00003;8.118027262442808;8.455062598763549;9.799564389229575;10.136599725550315;8.031117200888886;8.368152537209626
