;e_dz;g;e_tz_gas;g_tz_gas;e_tz_solv;g_tz_solv
00001006_Ni_00004;1.7713964828351088;1.8091098019368295;1.6868082062358511;1.7245215253375719;1.8049054885769178;1.8426188076786385
00001006_noNi_00000;0.0;0.0;0.0;0.0;0.0;0.0
00001006_noNi_00001;0.8145072920010746;0.4191763259004354;0.7163648109411098;0.3210338448404706;0.7346880874473838;0.3393571213467446
00001006_noNi_00002;1.7713964828351088;1.8084822925397535;1.6875612176264858;1.7246470273311305;1.8057212508216527;1.8428070605262972
00001006_noNi_00003;6.738761447369481;6.484055353476094;6.755139444545069;6.500433350651682;6.934105145393797;6.67939905150041
00001006_noNi_00004;7.386476722337504;7.033126139695276;7.351963701360622;6.998613118718394;7.409506319892565;7.056155737250338
