;e_dz;g;e_tz_gas;g_tz_gas;e_tz_solv;g_tz_solv
00002000_noNi_00000;0.0;0.0;0.0;0.0;0.0023845360227833655;0.0
00002000_noNi_00001;0.004204313502590739;0.09851898675528216;0.007781117465426221;0.10209579071811764;0.0;0.09193013722990806
