;e_dz;g;e_tz_gas;g_tz_gas;e_tz_solv;g_tz_solv
00000115_noNi_00000;0.0;0.0025100378736627633;0.0006275093970761236;0.0032002982675181533;0.0008785132415140537;0.003451302111956083
00000115_noNi_00001;0.0;0.005020075890004662;0.0021335321783454353;0.007216359065129363;0.0023217850260040993;0.007404611912788027
00000115_noNi_00002;6.275099677926619e-05;0.0;0.0;0.0;0.0;0.0
