;e_dz;g;e_tz_gas;g_tz_gas;e_tz_solv;g_tz_solv
00000755_Ni_00000;0.05804462593546075;0.0006275095397552581;0.02039405768784017;0.0005647585429759919;0.0;0.0005647585429759919
00000755_Ni_00002;0.05804462593546075;0.0;0.020456808684619434;0.0;6.275099677926619e-05;0.0
00000755_noNi_00000;0.0;0.016315246321487096;0.0;0.053903063572328415;0.046937708351636985;0.12123482961180557
