;e_dz;g;e_tz_gas;g_tz_gas;e_tz_solv;g_tz_solv
00001043_Ni_00004;0.0020080302561264704;0.0;0.0013177698622710806;0.0;0.0;0.0
00001043_Ni_00006;3.1101879370886145;3.709208477150632;3.5218341494394014;4.121544949895274;4.208894268141293;4.809922838459436
00001043_Ni_00007;5.337344547982607;6.62273494635266;6.079751001969977;7.365831660733885;6.748738847938693;8.036137276564872
00001043_noNi_00000;0.0;0.027610416681629966;0.0;0.028300677075485354;0.0008785132415140537;0.030496960179270487
00001043_noNi_00001;3.1101879370886145;3.709208477150632;3.523340172149331;4.123050972605204;4.21077679654654;4.811805366864683
00001043_noNi_00002;2.8605019189425533;3.7161110813032043;3.2563976435861686;4.112697066340675;3.7568991968929035;4.6145163895096815
