;e_dz;g;e_tz_gas;g_tz_gas;e_tz_solv;g_tz_solv
00001525_noNi_00000;0.0;0.0;0.0;0.0;0.0;0.0
00001525_noNi_00001;1.6452043284014173;1.092493987293961;1.154805677657452;0.6020953365499956;0.6253759378068159;0.07266559669935944
