;e_dz;g;e_tz_gas;g_tz_gas;e_tz_solv;g_tz_solv
00000260_noNi_00000;6.275085410013161e-05;0.0;0.0;0.0;0.0;0.0
00000260_noNi_00001;0.0;0.0012550190795105162;0.0008157622447347876;0.0021335321783454353;0.001066765946493583;0.002384535880104231
00000260_noNi_00002;0.0;0.0;6.275085410013161e-05;0.00012550170820026322;0.000188252847658664;0.0002510037017587956
00000260_noNi_00003;2.4511774914750917;2.83195023802263;3.9204281646616588;4.301263662063297;4.05371117623826;4.4345466736398995
