;e_dz;g;e_tz_gas;g_tz_gas;e_tz_solv;g_tz_solv
00001491_noNi_00000;1.328500298914417;1.0617460232702525;1.4233797308527634;1.156625455208599;1.347576586882665;1.0808223112385007
00001491_noNi_00001;0.0;0.0;0.0;0.0;0.0;0.0
