;e_dz;g;e_tz_gas;g_tz_gas;e_tz_solv;g_tz_solv
00000382_noNi_00000;0.0;0.0006275093970761236;0.00012550199355853238;0.000753011390634656;0.0;0.0006275093970761236
00000382_noNi_00001;0.0;0.0;0.0;0.0;0.0;0.0
00000382_noNi_00002;0.15066502370190335;1.7463588549525813;0.2437874291572218;1.8394812604078996;0.6005265629146262;2.1962203941653042
00000382_noNi_00003;0.15066502370190335;1.7425937981420871;0.23776333817482367;1.8296921126150074;0.5951927323260835;2.187121506766267
00000382_noNi_00004;0.1507277746986826;1.7451038360157498;0.2454189537893705;1.8397950151064377;0.602220838400875;2.1965968997179424
