;e_dz;g;e_tz_gas;g_tz_gas;e_tz_solv;g_tz_solv
00001495_noNi_00000;0.0;0.0;0.0;0.0;0.0;0.0
00001495_noNi_00001;0.27723368386658187;0.21147069139113459;0.10234679456255558;0.0365838020871083;0.09575794510852104;0.029994952633073762
