;e_dz;g;e_tz_gas;g_tz_gas;e_tz_solv;g_tz_solv
00001505_noNi_00000;0.0009412642382933199;0.0;0.007843868462205486;0.0;0.015562234930852441;0.0
00001505_noNi_00001;0.0;0.15938740540562288;0.0;0.1524848011817107;0.0001255018508793978;0.14489193656394317
00001505_noNi_00002;0.0;0.15938740540562288;0.0;0.1524848011817107;0.0;0.14476643471306375
00001505_noNi_00003;2.332452700022307;3.58747163999263;2.34650891217189;3.5946252479183007;2.503386279561171;3.7437842488389346
