;e_dz;g;e_tz_gas;g_tz_gas;e_tz_solv;g_tz_solv
00001780_Ni_00007;3.223390645533235;3.9972353238668297;4.660512833694365;5.434357512027959;3.872611943139847;4.646456621473442
00001780_noNi_00000;1.1483423301256366;0.8452552560961226;1.5830808909569245;1.2799938169274105;1.1845496265174276;0.8814625524879136
00001780_noNi_00001;1.1484050810510762;0.8427452182224598;1.5832691438045832;1.2776092809759667;1.1855536416811605;0.8798937788525442
00001780_noNi_00002;0.0;0.0;0.001004015163733019;0.001004015163733019;0.0011295170859519838;0.0011295170859519838
00001780_noNi_00003;0.0;0.0;0.0;0.0;0.0;0.0
00001780_noNi_00004;3.223453396458675;3.99284275758792;4.655932014567796;5.425321375697041;3.866650603225568;4.636039964354813
00001780_noNi_00005;0.0;0.0;0.0018197774798073736;0.0018197774798073736;0.0017570265543676747;0.0017570265543676747
00001780_noNi_00006;0.0;0.0006275094684156908;0.000690260465194957;0.0013177699336106479;0.0010667660891727176;0.0016942755575884087
00001780_noNi_00008;3.223390645533235;3.9972353238668297;4.656998780656969;5.430843458990563;3.8687841354039136;4.642628813737508
