;e_dz;g;e_tz_gas;g_tz_gas;e_tz_solv;g_tz_solv
00000262_noNi_00000;0.0;0.0;6.275099677926619e-05;6.275099677926619e-05;0.0;0.0
00000262_noNi_00001;0.0;0.0;0.0;0.0;0.0;0.0
00000262_noNi_00002;1.8469486230321088;2.603536791091281;1.9351137035942019;2.691701871653374;2.0567250389013245;2.813313206960497
