;e_dz;g;e_tz_gas;g_tz_gas;e_tz_solv;g_tz_solv
00000091_Ni_00001;6.356733682027791;6.524215959597377;7.272144496806931;7.333326670298489;7.659004085048289;7.928895908177211
00000091_Ni_00002;6.90906751751127;7.32868310024648;7.4307788908219194;7.744094369479101;7.739011542449638;8.261036670744184
00000091_Ni_00003;8.399088754080994;8.653983100822039;8.913144511919777;9.061738754582793;9.30063160955821;9.65793550185859
00000091_noNi_00000;0.0;0.16817253796344256;0.0;0.0618724338854133;0.0;0.2705820835227774
00000091_noNi_00001;1.5682716674880461;0.0;1.6745717715660755;0.0;1.4658621219287113;0.0
00000091_noNi_00002;0.0;0.16942755690027395;0.0008157622447347876;0.06394321506697948;0.0009412640956141853;0.272778366555223
