;e_dz;g;e_tz_gas;g_tz_gas;e_tz_solv;g_tz_solv
00001231_Ni_00003;2.3678442340980235;3.2586566776867327;2.529114167837554;3.418357837790894;2.6780221651991085;3.5685208539466005
00001231_Ni_00004;7.045927332908027;7.982547967905101;7.505829023472723;8.440880884834426;7.283314165530213;8.219621045686068
00001231_Ni_00006;0.0;0.02259034086296487;0.0;0.021021567227595427;0.0;0.022276586021747674
00001231_Ni_00008;2.3677814831012443;3.258029168289657;2.528172903599261;3.4168518151523037;2.6770181499640358;3.566952080311231
00001231_Ni_00009;7.0370794493534286;7.817512977212397;7.521767763956213;8.300632518179812;7.2142253728650285;7.99434514588278
00001231_noNi_00000;0.0016315246321487098;0.0;0.0032002982675181533;0.0;0.001945279473365906;0.0
00001231_noNi_00001;2.3677187322471442;3.268696829181384;2.5323144661050723;3.4317237894039425;2.6804067012218917;3.5810710433149144
00001231_noNi_00002;0.0005647585429759919;0.029492945086877036;0.0;0.0273594129085316;0.006714351376253503;0.03532878307893735
