;e_dz;g;e_tz_gas;g_tz_gas;e_tz_solv;g_tz_solv
00001663_noNi_00000;0.0;0.0;0.0;0.0;0.0;0.0
00001663_noNi_00001;0.0;0.0018825284052470725;0.0007530113192950887;0.002635539724542161;0.0008157623160743549;0.0026982907213214274
