;e_dz;g;e_tz_gas;g_tz_gas;e_tz_solv;g_tz_solv
00001456_Ni_00007;6.275085410013161e-05;0.0640059659210796;0.0006902603938553898;0.0432354025379221;0.000188252847658664;0.09908374529825816
00001456_Ni_00008;6.275085410013161e-05;0.06024090911058546;0.000753011390634656;0.039533096724207226;0.00043925669209659413;0.09556969233220194
00001456_noNi_00000;0.4434609423923283;0.0;0.46485901531524104;0.0;0.40850866500870825;0.0
00001456_noNi_00001;6.275085410013161e-05;0.06149592804741684;0.0005020075461967258;0.04053711181660068;0.00031375484121719634;0.09669920941815392
00001456_noNi_00002;6.275085410013161e-05;0.0621234375871721;0.0008785132415140537;0.04154112705167326;0.0005020076888758604;0.09751497180556785
00001456_noNi_00003;0.4434609423923283;0.011295170431482435;0.46592578140441376;0.012361936520655153;0.4092616763993429;0.012048181822117091
00001456_noNi_00004;0.0;0.06337845652400348;0.0010667660891727176;0.04304714969026344;0.0005647585429759919;0.09889549245059949
00001456_noNi_00005;6.275085410013161e-05;0.06149592804741684;0.0;0.04003510427040395;0.0;0.09638545457693673
