;e_dz;g;e_tz_gas;g_tz_gas;e_tz_solv;g_tz_solv
00000127_noNi_00000;0.0;0.7172433241826238;0.0;0.721322135548977;0.0;0.7315505400339658
00000127_noNi_00001;0.0;0.7159883052457925;0.000188252847658664;0.7202553694598042;0.0001255018508793978;0.7304210229480138
00000127_noNi_00002;0.034450269837423296;0.0;0.030371458471070225;0.0;0.020143053986081374;0.0
00000127_noNi_00003;0.0;0.7153607958487164;0.000188252847658664;0.719627860062728;6.275099677926619e-05;0.7297307626968376
