;e_dz;g;e_tz_gas;g_tz_gas;e_tz_solv;g_tz_solv
00001141_Ni_00001;0.09575794517986061;0.5202053505293803;0.10360181349938696;0.5280492188489068;0.49165366968079666;0.915410814636461
00001141_noNi_00000;6.275099677926619e-05;0.0018825283339075052;0.0003137546985380618;0.0021335320356663007;0.0006275093970761236;0.0017570263403489728
00001141_noNi_00001;0.000188252847658664;0.00753011362098829;0.0002510037017587956;0.007592864475088422;0.0;0.0066516003794742365
00001141_noNi_00002;0.09575794517986061;0.5202053505293803;0.10366456435348709;0.5281119697030069;0.49165366968079666;0.915410814636461
00001141_noNi_00003;0.0;0.0;0.0;0.0;0.0006902603938553898;0.0
