;e_dz;g;e_tz_gas;g_tz_gas;e_tz_solv;g_tz_solv
00001510_noNi_00000;0.0;0.008785132700498806;0.0036395548169356126;0.012424687517434418;0.0039533096581528095;0.012738442358651616
00001510_noNi_00001;0.019076287896908656;0.027610416752969533;0.02585339012726229;0.034387518983323165;0.0136797064542658;0.02221383531032668
00001510_noNi_00002;0.0;0.0;0.0;0.0;0.0;0.0
00001510_noNi_00003;0.0;0.014432717844900456;0.005522083293522252;0.01995480113842271;0.005835838134739449;0.020268555979639905
00001510_noNi_00004;0.0;0.010040151637330188;0.0035140529660562148;0.013554204603386404;0.003765056810494145;0.013805208447824333
00001510_noNi_00005;0.033195250900591916;0.027610416752969533;0.0389683380385521;0.033383503890929714;0.021021567227595427;0.015436733079973043
00001510_noNi_00006;3.1812847600099254;3.9451520379883274;3.3220978850648364;4.085965163043238;3.4787242488950376;4.24259152687344
