;e_dz;g;e_tz_gas;g_tz_gas;e_tz_solv;g_tz_solv
00000476_noNi_00000;0.0;0.0006275095397552581;0.00043925669209659413;0.0010667662318518522;0.0006275095397552581;0.0012550190795105162
00000476_noNi_00001;0.0;0.0;0.0;0.0;0.0;0.0
00000476_noNi_00002;0.0;0.013177698908069075;0.009538143948454328;0.022715842856523404;0.00941264209757493;0.022590341005644006
00000476_noNi_00003;0.0;0.008157623160743548;0.0032630492642974195;0.011420672425040967;0.0039533096581528095;0.012110932818896358
00000476_noNi_00004;0.0;0.0006275095397552581;0.0005020075461967258;0.0011295170859519838;0.0006275095397552581;0.0012550190795105162
