;e_dz;g;e_tz_gas;g_tz_gas;e_tz_solv;g_tz_solv
00001542_Ni_00006;4.536830717062997;5.284884756266108;4.8306306509884935;5.578684690191605;4.804212502318256;5.552266541521367
00001542_noNi_00000;0.0;0.0006275093970761236;0.0013805207877107795;0.0020080301847869033;0.0015060226385901774;0.0021335320356663007
00001542_noNi_00001;0.0;0.0025100378736627633;0.002572788727762895;0.005082826601425659;0.0025100378736627633;0.005020075747325527
00001542_noNi_00002;0.0;0.0012550189368313817;0.0014432717844900457;0.0026982907213214274;0.0014432717844900457;0.0026982907213214274
00001542_noNi_00003;0.0;0.0;0.0;0.0;0.0;0.0
00001542_noNi_00004;2.6389910760210977;2.776101895262294;2.6992319851316835;2.8363428043728796;2.73600404013779;2.873114859378986
00001542_noNi_00005;1.8035877186433071;3.2473615072552504;1.8007011750743271;3.24447496368627;1.9024832110939067;3.34625699970585
