;e_dz;g;e_tz_gas;g_tz_gas;e_tz_solv;g_tz_solv
00000765_noNi_00000;0.0;0.0006275093970761236;0.0;0.0005020074035175911;0.0;0.00043925654941745956
00000765_noNi_00001;1.765497893846269;1.5869714495469585;1.5660126334588214;1.387360687165952;1.3183346454975469;1.1396199483505773
00000765_noNi_00002;1.8668406733164313;2.1027842338687686;1.5491326285943583;1.7849506871531369;1.173254456085945;1.4090097637906236
00000765_noNi_00003;1.765497893846269;1.5894814874206211;1.5655733767667248;1.3894314683475182;1.3178953888054503;1.1416907295321437
00000765_noNi_00004;0.0;0.0;0.00012550199355853238;0.0;0.000188252847658664;0.0
00000765_noNi_00005;0.0;0.0006275093970761236;0.00012550199355853238;0.0006275093970761236;0.0002510037017587956;0.0006902602511762552
00000765_noNi_00006;1.7655606448430485;1.6064242431391844;1.5649458672269696;1.4056839635295468;1.3178953888054503;1.1585707342539275
00000765_noNi_00007;1.8667151714655519;2.107804309616094;1.5532114402460695;1.794175076403053;1.1773960185917565;1.41829690389464
00000765_noNi_00008;1.8667151714655519;2.1040392528056;1.5503876475311897;1.787586226877679;1.174634976873656;1.4117708053660452
