;e_dz;g;e_tz_gas;g_tz_gas;e_tz_solv;g_tz_solv
00001475_noNi_00000;0.0;0.0;0.0;0.0;0.0;0.0
00001475_noNi_00001;4.975836342393654;4.692515816654905;5.864578004658118;5.581257478919368;4.979601399204149;4.6962808734653985
