;e_dz;g;e_tz_gas;g_tz_gas;e_tz_solv;g_tz_solv
00001530_noNi_00000;0.0;0.0006275093970761236;0.0005020075461967258;0.0011295169432728493;0.0005647584002968574;0.001192267797372981
00001530_noNi_00001;0.866967083788913;0.44992428992414385;0.5963850002661356;0.17934220640136644;0.7509405826294124;0.3338977887646433
00001530_noNi_00002;0.866967083788913;0.44929678052706773;0.5955064870246215;0.17783618376277627;0.7500620693878984;0.33239176612605315
00001530_noNi_00003;0.0;0.0;0.0;0.0;0.0;0.0
00001530_noNi_00004;0.866967083788913;0.44992428992414385;0.5963222492693563;0.1792794554045872;0.7509405826294124;0.3338977887646433
00001530_noNi_00005;0.866967083788913;0.44992428992414385;0.596510502117015;0.17946770825224587;0.7511915864738504;0.33414879260908126
00001530_noNi_00006;0.866967083788913;0.44992428992414385;0.5966987549646736;0.1796559610999045;0.7513170883247298;0.33427429445996065
