;e_dz;g;e_tz_gas;g_tz_gas;e_tz_solv;g_tz_solv
00001139_Ni_00001;0.04988700291739634;0.1901353694293313;0.0;0.0;0.04486692702739168;0.1887548484989414
00001139_noNi_00000;0.0;0.16126993373953039;0.2708330872245362;0.2918546544521316;0.007906619316305619;0.17281610801545075
00001139_noNi_00001;0.0;0.07969370270281144;0.2666287738646246;0.20607411005550108;0.004141562505811473;0.08747482016823765
00001139_noNi_00002;0.0;0.0702810606052365;0.26650327187106604;0.1965359659643676;0.0039533096581528095;0.07787392522300407
00001139_noNi_00003;0.003639554959614747;0.0;0.2701428268306808;0.1262549053591311;0.0;0.0
