;e_dz;g;e_tz_gas;g_tz_gas;e_tz_solv;g_tz_solv
00000215_Ni_00002;8.509781424509272;8.747482011829996;9.285006623773258;9.52270721109398;9.742523778457848;9.980224365778572
00000215_Ni_00003;10.276597088289153;11.174061132400015;10.897266705047182;11.794730749158044;11.587150616463953;12.484614660574815
00000215_Ni_00004;10.276534337292373;11.17782618921051;10.899337486371426;11.800629338289562;11.589472401489957;12.490764253408093
00000215_noNi_00000;0.0;0.0006275095397552581;0.000188252847658664;0.0008157623874139222;0.0;0.0006275095397552581
00000215_noNi_00001;0.0;0.0;0.0;0.0;0.0;0.0
00000215_noNi_00002;2.254076767110427;2.2747218287853843;2.1709945132924386;2.1916395749673963;1.9888912651729718;2.009536326847929
00000215_noNi_00003;6.275085410013161e-05;0.0037650569531732796;0.0021962831751247015;0.005898589274197849;0.0018825284765866398;0.0055848345756597875
00000215_noNi_00004;4.516499410229256;4.718243704931287;4.920427256182736;5.122171550884767;5.603722318074133;5.805466612776164
