;e_dz;g;e_tz_gas;g_tz_gas;e_tz_solv;g_tz_solv
00000747_noNi_00000;0.5551576281270191;0.0;0.7682598441146326;0.00338855104383725;0.801580597008783;0.00658884938269497
00000747_noNi_00001;0.24315991961746652;0.11859928988726341;0.33427429467397934;0.0;0.3643947492292721;0.0
00000747_noNi_00002;0.0;0.24221865545051277;0.0;0.032504990506736525;0.0;0.0023845359514437984
