;e_dz;g;e_tz_gas;g_tz_gas;e_tz_solv;g_tz_solv
00001286_Ni_00002;0.0;0.0006275094684156908;0.0;0.0002510037730983629;0.0;0.0
00001286_noNi_00000;0.19779098490119898;0.04518068186860887;0.2820027558051392;0.1290159470772318;0.1960967093436106;0.04285889684260478
00001286_noNi_00001;0.0;0.0;0.000376505695317328;0.0;0.0008157623160743549;0.000188252847658664
