;e_dz;g;e_tz_gas;g_tz_gas;e_tz_solv;g_tz_solv
00000977_Ni_00003;1.626881051966483;0.003765056810494145;1.5540899533449044;0.0;0.616841808950755;0.0030747964166387555
00000977_noNi_00000;0.0;0.2585339017006603;0.002635539724542161;0.3301954832362867;0.0023845360227833655;1.2702674203453161
00000977_noNi_00001;0.0;0.2585339017006603;0.0026982907213214274;0.330258234233066;0.0025100378736627633;1.2703929221961956
00000977_noNi_00002;0.0;0.2553963542872423;0.0;0.32442239609832657;0.0;1.2647453369091148
00000977_noNi_00003;1.6269438029632621;0.00941264209757493;1.5640046029886763;0.015499483934073174;0.6183478317320243;0.010165653488209586
00000977_noNi_00004;1.6269438029632621;0.011922679971237693;1.5636908482901382;0.017695767109197878;0.6180340770334862;0.012361936663334287
00000977_noNi_00005;1.6269438029632621;0.0;1.5637535992869174;0.005835838134739449;0.6175948203413897;0.0
