;e_dz;g;e_tz_gas;g_tz_gas;e_tz_solv;g_tz_solv
00000973_noNi_00000;2.487259286301361;2.756649101670068;3.6938972460642177;3.963287061432924;3.1925171795873077;3.4619069949560144
00000973_noNi_00001;0.0;0.0012550189368313817;0.0025100378736627633;0.003765056810494145;0.0021335322496850028;0.0033885511865163844
00000973_noNi_00002;0.0;0.0;0.0;0.0;0.0;0.0
