;e_dz;g;e_tz_gas;g_tz_gas;e_tz_solv;g_tz_solv
00000468_Ni_00003;1.6064869942786428;1.8605655786322743;1.6974758674129367;2.0030729794587923;2.2823146934031517;2.5879118054490076
00000468_noNi_00000;0.05151852769222418;0.0;0.0;0.0;0.0;0.0
00000468_noNi_00001;0.0;0.20143053986081375;0.023970861650675652;0.27691992920371356;0.3741838971648435;0.6271329647178814
00000468_noNi_00002;0.0;0.20143053986081375;0.022715842856523404;0.2756649104095613;0.3727406252376743;0.6256896927907122
00000468_noNi_00003;1.6064869942786428;1.8586830501556877;1.6974758674129367;2.0011904509822056;2.2827539502379275;2.5864685338071967
00000468_noNi_00004;1.6065497451327428;1.85993806894984;1.6919537839767353;1.9968606354860565;2.277482870503485;2.5823897220128065
00000468_noNi_00005;1.6065497451327428;1.8618205974264266;1.6974758674129367;2.0042652473988447;2.2828167010920275;2.5896060810779358
00000468_noNi_00006;1.6065497451327428;1.8580555407586117;1.6913262745796591;1.994350597897752;2.2764161045569913;2.579440427875084
00000468_noNi_00007;1.6064869942786428;1.8637031259030132;1.6986053844988886;2.0073400438154834;2.283193206787345;2.5919278661039398
