;e_dz;g;e_tz_gas;g_tz_gas;e_tz_solv;g_tz_solv
00000982_Ni_00001;0.0;0.005020075747325527;0.0010667660891727176;0.006086841836498245;0.0009412642382933199;0.0059613399856188465
00000982_noNi_00000;0.0;0.0;0.0;0.0;0.0;0.0
