;e_dz;g;e_tz_gas;g_tz_gas;e_tz_solv;g_tz_solv
00001455_noNi_00000;0.0;0.003137547270738887;0.0;0.0030120454198594893;0.0005020075461967258;0.002761041575421559
00001455_noNi_00001;0.0;0.004392566207570269;0.00043925654941745956;0.004706320906108331;0.0009412642382933199;0.004455317204349535
00001455_noNi_00002;0.0;0.012550189368313817;0.0006902603938553898;0.01311494791128981;0.0;0.011671676126799764
00001455_noNi_00003;0.0;0.0;0.0001255018508793978;0.0;0.0008785132415140537;0.0
00001455_noNi_00004;6.275085410013161e-05;0.005020075747325527;0.0007530112479555214;0.005584834290301518;0.001506022781269312;0.005584834432980653
00001455_noNi_00005;0.0;0.0056475851444016505;6.275085410013161e-05;0.005584834147622384;0.00043925669209659413;0.005208328594984191
