;e_dz;g;e_tz_gas;g_tz_gas;e_tz_solv;g_tz_solv
00000207_noNi_00000;0.0;0.0;6.27509254396989e-05;6.27509254396989e-05;0.0;0.0
00000207_noNi_00001;0.0;0.0;0.0;0.0;0.0;0.0
