;e_dz;g;e_tz_gas;g_tz_gas;e_tz_solv;g_tz_solv
00001709_Ni_00000;3.0117944522555513;5.558478885351424;3.347512018642681;5.894196451738554;3.3442489693783837;5.890933402474256
00001709_noNi_00000;0.011797178120358296;1.4338591389681716;0.017319261413880547;1.4393812222616937;0.01863703120481206;1.4406989920526252
00001709_noNi_00001;0.0;0.0;0.0;0.0;0.0;0.0
00001709_noNi_00002;0.011797178120358296;1.4426442715259913;0.017382012410659814;1.4482291058162928;0.018825284052470727;1.4496723774581037
00001709_noNi_00003;0.011797178120358296;1.445154309399654;0.01757026525831848;1.4509273965376142;0.01901353690012939;1.452370668179425
00001709_noNi_00004;3.0117944522555513;5.549066243253849;3.3469472600997054;5.884219051098003;3.3435587089845287;5.880830499982826
00001709_noNi_00005;3.0117944522555513;5.559733904288255;3.347449267788581;5.895388719821285;3.3441234673848252;5.892062919417529
00001709_noNi_00006;5.8397913807627075;7.902854265202289;6.2245174366830405;8.287580321122622;6.222509406355575;8.285572290795157
00001709_noNi_00007;5.839728629765928;7.895324151581301;6.223011414044451;8.278606935859823;6.221191636421964;8.276787158237337
