;e_dz;g;e_tz_gas;g_tz_gas;e_tz_solv;g_tz_solv
00000840_noNi_00000;0.0;0.0018825284052470725;0.0;0.0;0.0;0.0
00000840_noNi_00001;0.0;0.0;0.0028865435689800914;0.001004015163733019;0.0033258001897371182;0.0014432717844900457
