;e_dz;g;e_tz_gas;g_tz_gas;e_tz_solv;g_tz_solv
00001670_Ni_00002;3.633970091794849;3.6646553048217783;4.047436081554103;4.078184045577812;3.9821750965535134;4.012923060577222
00001670_Ni_00003;5.6085541409738;5.313750191955909;5.521895083192976;5.227153885171864;5.497735968551963;5.202994770530851
00001670_noNi_00000;0.0;0.0;0.009224389249916266;0.009287140246695533;0.008973385405478335;0.009036136402257602
00001670_noNi_00001;1.8725510094576123;1.8028347072526725;1.9356784621371779;1.8660249109290175;1.9599003276322913;1.8902467764241309
00001670_noNi_00002;1.8725510094576123;1.800952178918765;1.9338586846573704;1.8623226051153026;1.9581433011492633;1.8866072216071954
00001670_noNi_00003;6.275099677926619e-05;0.0;0.0;0.0;0.0;0.0
00001670_noNi_00007;6.508214468117108;5.585461792421959;6.504512162303393;5.5818222376050235;6.500182346807244;5.577492422108874
00001670_noNi_00008;5.786766830574573;6.161515485854355;6.087783123279841;6.4625945295564025;6.42651273508683;6.801324141363392
00001670_noNi_00009;5.5317469818399685;5.654487834090364;5.9935939518780295;6.1163975551252046;5.98775811360061;6.110561716847785
