;e_dz;g;e_tz_gas;g_tz_gas;e_tz_solv;g_tz_solv
00000797_Ni_00000;0.0;0.0;0.0;0.0;0.0;0.0
00000797_noNi_00000;6.629198293884476;7.184983431622589;6.146267005907398;6.7020521436455125;3.9650440881299707;4.520829225868085
00000797_noNi_00001;6.723512967137167;7.3230355149593995;6.258151944418408;6.857674492240641;3.9931565124291373;4.59267906025137
00000797_noNi_00002;6.5936812578152;7.146077844438137;6.158126934881857;6.710523521504794;3.9562589555721512;4.508655542195088
