;e_dz;g;e_tz_gas;g_tz_gas;e_tz_solv;g_tz_solv
00000551_noNi_00000;0.0;0.003765056810494145;0.0032630492642974195;0.0070281060747915645;0.003890558661373543;0.007655615471867688
00000551_noNi_00001;2.0153094138432097;1.9854399630610156;2.122425280308653;2.0925558295264586;2.1160874346277168;2.0862179838455224
00000551_noNi_00002;0.0;0.0;0.0;0.0;0.0;0.0
00000551_noNi_00003;2.0153094138432097;1.9848124535212603;2.122048774756015;2.0915518144340655;2.1160874346277168;2.0855904743057674
