;e_dz;g;e_tz_gas;g_tz_gas;e_tz_solv;g_tz_solv
00001092_Ni_00003;6.275085410013161e-05;0.0018825284765866398;0.0;0.001694275628927976;6.275085410013161e-05;0.0019452793306867714
00001092_Ni_00004;3.8843463701920866;4.260789301386155;4.027732284260119;4.404049713460629;4.079941072060841;4.456446754109009
00001092_Ni_00005;3.8842836191953074;4.265809377133481;4.030367823984661;4.411768079929276;4.0831413703283586;4.464729879120632
00001092_noNi_00000;6.275085410013161e-05;0.0;0.000188252847658664;0.0;0.0;0.0
00001092_noNi_00002;0.0;0.003765056810494145;0.0002510038444379302;0.003890558661373543;0.0;0.0038278076645942767
00001092_noNi_00003;2.662773684966794;3.1275071985738347;2.8495832542777277;3.31419126589121;2.5856527711344244;3.0504490355955656
00001092_noNi_00004;1.2284752893065258;1.0881014210863906;1.4464093284791646;1.3059099582654707;0.994351506091317;0.8540403887252819
00001092_noNi_00005;3.1212321037469986;2.994475190841671;3.4001600632781783;3.273277648379292;2.572349570375476;2.4456554083242485
