;e_dz;g;e_tz_gas;g_tz_gas;e_tz_solv;g_tz_solv
00001490_noNi_00000;0.0;0.0;0.0;0.0;0.0;0.0
00001490_noNi_00001;1.4554454646674033;0.6984180400588136;1.3281237932190997;0.5710963686105097;1.3099260186350445;0.5528985940264547
