;e_dz;g;e_tz_gas;g_tz_gas;e_tz_solv;g_tz_solv
00000480_noNi_00000;0.0;0.0;0.0;0.0;0.0;0.0
00000480_noNi_00001;7.486187977104177;7.380766386124983;7.088284222204436;6.982862631225241;7.233803668236795;7.1283820772576005
