;e_dz;g;e_tz_gas;g_tz_gas;e_tz_solv;g_tz_solv
00000495_noNi_00000;0.08270574812267092;0.04957324821885828;0.08791407671765512;0.05478157681384247;0.08069771779520489;0.047565217891392245
00000495_noNi_00001;0.08270574812267092;0.05773087123692269;0.09136537882961121;0.06639050194386296;0.08370976321506438;0.058734886329316144
00000495_noNi_00002;0.08270574812267092;0.054593323966183806;0.08960835220390397;0.06149592804741684;0.0822037405764742;0.05409131641998708
00000495_noNi_00003;0.0;0.0;0.0;0.0;0.0;0.0
