;e_dz;g;e_tz_gas;g_tz_gas;e_tz_solv;g_tz_solv
00001692_Ni_00009;1.5183846645706498;1.3547929458051153;2.039092022788906;1.8755003040233715;1.5066502374470707;1.3430585186815363
00001692_Ni_00012;1.5183846645706498;1.3554204552021916;2.039594030335103;1.8766298209666443;1.5073404978409262;1.344376288472468
00001692_Ni_00013;5.034759481570629;3.8987163371828872;4.753007729609927;3.6169645852221857;3.3039628614062213;2.167919717018479
00001692_noNi_00000;0.5889803884960267;0.5001250476827573;0.5817640297162556;0.4929086889029863;0.5729161461616566;0.48406080534838736
00001692_noNi_00001;0.0;0.0;0.0;0.0;0.0;0.0
00001692_noNi_00002;2.8220355885215374;2.3958311565463104;2.408318594917845;1.982114162942618;1.8812733910186525;1.4550689590434256
00001692_noNi_00003;3.4454662469976665;2.9373718291445035;2.9282101908913662;2.4201157730382032;2.2530100011639336;1.7449155833107703
00001692_noNi_00004;1.5183846645706498;1.3529104173285287;2.036581984915243;1.8711077376731222;1.5045794562655046;1.3391052090233835
00001692_noNi_00005;5.034759481570629;3.9012263750565497;4.753886242851442;3.6203531363373624;3.2814352715400354;2.147902165025956
