;e_dz;g;e_tz_gas;g_tz_gas;e_tz_solv;g_tz_solv
00000379_noNi_00000;6.275099677926619e-05;0.0;0.0;0.0;0.12073282206560884;0.009098887399036868
00000379_noNi_00001;0.0;0.0018825283339075052;0.00043925669209659413;0.0023845360227833655;0.12123482961180557;0.011546174275920366
00000379_noNi_00002;0.3471382388121708;0.4587094224819635;0.16522324354036233;0.2768571782069343;0.0;0.0
00000379_noNi_00003;0.0;0.003137547270738887;0.0006275095397552581;0.0038278078072734112;0.12136033160536411;0.01292669520631028
00000379_noNi_00004;0.3471382388121708;0.46310198883221293;0.1667292661789525;0.2827557671957739;0.0014432717844900457;0.005835838134739449
