;e_dz;g;e_tz_gas;g_tz_gas;e_tz_solv;g_tz_solv
00000723_Ni_00005;4.7654324171273625;4.724518799615444;5.514741475267305;5.473827857755387;6.294547493586519;6.2536338760746
00000723_noNi_00000;0.0;0.0;0.0;0.0;0.0;0.0
00000723_noNi_00001;0.0;0.0006275095397552581;6.275099677926619e-05;0.0006902605365345243;6.275099677926619e-05;0.0006902605365345243
00000723_noNi_00002;2.761857430265052;2.235188732203856;2.826741909570325;2.300073211509129;3.4861916115192466;2.9595229134580507
00000723_noNi_00003;3.4880741399958333;3.617592094619262;3.689190925158109;3.818708879781538;4.541348785406805;4.670866740030233
00000723_noNi_00004;3.4880741399958333;3.6194746229531694;3.6944620046071934;3.8258624875645295;4.546431612150909;4.677832095108245
00000723_noNi_00005;2.7447891726956097;2.450424480369815;3.0463702240865334;2.752005531760739;3.7264649877104126;3.432100295384618
00000723_noNi_00006;2.7447891726956097;2.4548170467200645;3.0464957259374126;2.756523599961868;3.726966995256609;3.436994869281064
