;e_dz;g;e_tz_gas;g_tz_gas;e_tz_solv;g_tz_solv
00000052_Ni_00001;0.045682689414805605;0.18825284109542378;0.037650568247620586;0.16578800208333833;0.023845359799796254;0.12857669052781434
00000052_Ni_00004;0.05553458806179799;0.0;0.06996730590669845;0.0;0.09337340901439811;0.0
00000052_noNi_00000;0.0;0.1443271781636463;0.0;0.12989446031874585;0.0;0.10648835721104619
00000052_noNi_00001;0.03620729646313054;0.03263049250029506;0.15574785044600814;0.1377383286382722;0.16051692234889572;0.11910129743346014
