;e_dz;g;e_tz_gas;g_tz_gas;e_tz_solv;g_tz_solv
00000300_Ni_00001;0.07473637795226518;0.34952277469227505;0.12757267529274174;0.42614168097844773;0.4561366337542006;0.7582824434027421
00000300_Ni_00005;0.07473637795226518;0.34513020848470477;0.1243723770252236;0.4185488165033593;0.4529363354866825;0.7506895789276536
00000300_noNi_00000;0.034387518983323165;0.205823106068384;0.1277609281404004;0.3229791241711574;0.44151566306164153;0.640310663055234
00000300_noNi_00001;0.0;0.0;0.0;0.023782608945696122;0.0;0.0273594129085316
00000300_noNi_00002;0.048757485831444354;0.011922679828558559;0.013052197057189678;0.0;0.009475393094354197;0.0
00000300_noNi_00003;0.02899093754068031;0.3664655304108383;0.1242468751743442;0.48550407699019826;0.4309735040207937;0.7958075097994833
00000300_noNi_00004;0.04869473497734422;0.01506022724197658;0.014495468841679723;0.004643570052008199;0.010730412031185578;0.004455317204349535
