;e_dz;g;e_tz_gas;g_tz_gas;e_tz_solv;g_tz_solv
00000783_noNi_00000;0.035454285072495886;0.0;0.10855913824993323;0.0;0.06406871691785887;0.0
00000783_noNi_00001;0.0;0.4574544035451321;0.0;0.3843495503676948;0.0;0.4288399716997692
00000783_noNi_00002;0.03557978692337528;0.0;0.11056716857739926;0.0018825284765866398;0.0660767472453249;0.0018825284765866398
