;e_dz;g;e_tz_gas;g_tz_gas;e_tz_solv;g_tz_solv
00000837_noNi_00000;0.24246965922361113;0.0;0.09262039776644258;0.0;0.0;0.0
00000837_noNi_00001;0.0;0.2290409565424437;0.0;0.37889021799961226;0.12895319608045253;0.6004638118465073
