;e_dz;g;e_tz_gas;g_tz_gas;e_tz_solv;g_tz_solv
00000299_noNi_00000;0.28972112227378616;0.0;0.3886166147243857;0.0;0.36477125492458945;0.0
00000299_noNi_00001;0.0;0.4135287407560338;0.0;0.31463324830543427;0.0;0.33847860810523056
