;e_dz;g;e_tz_gas;g_tz_gas;e_tz_solv;g_tz_solv
00001468_noNi_00000;0.042419640150508184;0.4693770835163698;0.1347262832184127;0.5616837265842743;0.31463324830543427;0.741590691671296
00001468_noNi_00001;0.0;0.0;0.0;0.0;0.0;0.0
00001468_noNi_00002;2.2066998022093727;2.5018802567799017;2.4142171840493636;2.709397638619893;2.547437444486507;2.842617899057036
00001468_noNi_00003;0.009726396796112992;0.12487438442874119;0.036332798314009936;0.15148078594663814;0.050451761460372335;0.16559974909300051
00001468_noNi_00004;0.020833314379936765;0.19327291670007019;0.14558219710047768;0.3180217994206111;0.32348113186003324;0.49592073418016663
