;e_dz;g;e_tz_gas;g_tz_gas;e_tz_solv;g_tz_solv
00000887_noNi_00000;0.0;0.43486406268216726;0.0014432719271691803;0.3080443987800602;0.0014432719271691803;0.20971366487243667
00000887_noNi_00001;0.3692893231257182;0.0;0.4975522589549945;0.0;0.595882992862618;0.0
00000887_noNi_00002;0.0;0.43172651541142837;0.0;0.30346357958215214;0.0;0.2051328456745286
00000887_noNi_00004;1.271961695688886;2.7083308725307202;1.5814493663961153;2.8895556074086732;2.411456142331263;3.6212316494361976
