;e_dz;g;e_tz_gas;g_tz_gas;e_tz_solv;g_tz_solv
00001691_noNi_00000;0.0;0.0;0.0;0.0;0.0;0.0
00001691_noNi_00001;2.5052060570409784;2.1341597075035716;2.0461828797891375;1.6751365302517305;1.5633770935202604;1.1923307439828537
