;e_dz;g;e_tz_gas;g_tz_gas;e_tz_solv;g_tz_solv
00000344_Ni_00000;0.0;0.0025100378736627633;0.003702305813714879;0.006275094541477774;0.0033258002610766857;0.00589858898883958
00000344_Ni_00001;0.0;0.0025100378736627633;0.003702305813714879;0.006275094541477774;0.0042670644993700055;0.0068398532271329
00000344_Ni_00005;0.0;0.0018825283339075052;0.0042670643566908705;0.006212343544698508;0.003639554959614747;0.005584834147622384
00000344_Ni_00007;4.221067951814289;4.354288212251433;4.6555555088011396;4.788838520092383;5.347384699548598;5.480667710839841
00000344_Ni_00008;6.275085410013161e-05;0.004392566207570269;0.00658884938269497;0.010981415590265239;0.0066516003794742365;0.011044166587044504
00000344_noNi_00000;6.275085410013161e-05;0.0018825283339075052;0.0030120454198594893;0.004894573753766994;0.0026982907213214274;0.004580819055228932
00000344_noNi_00001;6.275085410013161e-05;0.0;0.0;0.0;0.0;0.0
