;e_dz;g;e_tz_gas;g_tz_gas;e_tz_solv;g_tz_solv
00000754_noNi_00000;0.0;0.0018825283339075052;0.0;0.0008157622447347876;0.0;0.0009412642382933199
00000754_noNi_00001;0.0;0.0;0.0010667660891727176;0.0;0.0009412640956141853;0.0
