;e_dz;g;e_tz_gas;g_tz_gas;e_tz_solv;g_tz_solv
00000581_Ni_00000;0.08301950282120898;0.08283124997355033;0.05195778409896251;0.051769531251303846;0.06588849439766624;0.06570024155000757
00000581_noNi_00000;0.0;0.0;0.0;0.0;0.0;0.0
00000581_noNi_00001;0.1371735700952962;0.19264540730299407;0.11364196499403802;0.16911380220173589;0.1140812216861346;0.16955305889383246
00000581_noNi_00002;0.25514535044280434;0.25665137322407366;0.19823024159329558;0.1997362643745649;0.19967351337778563;0.20117953615905493
