;e_dz;g;e_tz_gas;g_tz_gas;e_tz_solv;g_tz_solv
00001477_Ni_00003;1.0566004455293685;0.8345875949903767;1.1642183196836875;0.9422054691446957;0.800262827146512;0.5782499766075202
00001477_Ni_00004;1.0566004455293685;0.8345875949903767;1.163779062991591;0.9417662124525992;0.7998235704544153;0.5778107199154237
00001477_Ni_00005;0.0;0.006902604081233032;0.0011922679400521155;0.008094872021285148;0.0009412642382933199;0.007843868319526352
00001477_noNi_00000;1.0566004455293685;0.8370976330067186;1.1642810706804667;0.9447782581578169;0.8001373252956325;0.5806345127729827
00001477_noNi_00001;0.3096131724154296;0.1644074811529484;0.37267787424089505;0.22747218297841382;0.2893446165784689;0.14413892531598763
00001477_noNi_00002;0.3096131724154296;0.16377997161319316;0.3729916289394331;0.22715842813719664;0.28965837141968603;0.14382517061744957
00001477_noNi_00003;0.0;0.0;0.0;0.0;0.0;0.0
00001477_noNi_00004;0.3096131724154296;0.16189744327928565;0.3730543799362124;0.2253386508000684;0.28959562042290676;0.14187989128676282
00001477_noNi_00005;0.0;0.0018825283339075052;0.0005020075461967258;0.002384535880104231;0.0002510038444379302;0.0021335321783454353
