;e_dz;g;e_tz_gas;g_tz_gas;e_tz_solv;g_tz_solv
00000876_noNi_00000;6.27509254396989e-05;0.0012550189368313817;0.0018825284052470725;0.003137547342078454;0.0016942755575884087;0.00294929449441979
00000876_noNi_00001;6.27509254396989e-05;0.0018825284052470725;0.0020707812529057366;0.0039533096581528095;0.0018197774798073736;0.0037023058850544463
00000876_noNi_00002;6.27509254396989e-05;0.0012550189368313817;0.0010667660891727176;0.0023217850260040993;0.0008785132415140537;0.0021335321783454353
00000876_noNi_00003;0.0;0.0006275094684156908;0.0013805208590503468;0.0020707812529057366;0.0011922680113916828;0.0018825284052470725
00000876_noNi_00004;1.7914140349703107;2.465484707683131;1.9519309573905461;2.6260643810288062;1.7078925244602259;2.382025948098486
00000876_noNi_00005;6.27509254396989e-05;0.0;0.0;0.0;0.0;0.0
00000876_noNi_00006;1.7914767858957503;2.465484707683131;1.951491700769789;2.6255623734826097;1.7078297735347863;2.3819004462476068
