;e_dz;g;e_tz_gas;g_tz_gas;e_tz_solv;g_tz_solv
00000881_Ni_00006;6.275099677926619e-05;0.0;0.18825284095274467;0.00043925654941745956;0.7892814112708885;0.35441734858872115
00000881_noNi_00000;0.07285384947567854;0.5076551611610666;0.0;0.24705047827884008;0.0;0.0
00000881_noNi_00001;0.0;0.0006275093970761236;0.18712332400947182;0.0;0.788591150877033;0.35441734858872115
