;e_dz;g;e_tz_gas;g_tz_gas;e_tz_solv;g_tz_solv
00001012_Ni_00003;0.0;0.0012550189368313817;0.0;0.0006902603938553898;0.0;0.0008157623160743549
00001012_noNi_00000;0.0;0.012550189368313817;0.0011295170859519838;0.01311494791128981;0.001004015163733019;0.01311494791128981
00001012_noNi_00001;0.0;0.0;0.0005647585429759919;0.0;0.00043925662075702685;0.0
