;e_dz;g;e_tz_gas;g_tz_gas;e_tz_solv;g_tz_solv
00001667_Ni_00005;0.0;0.0025100378736627633;0.0032630492642974195;0.0039533096581528095;0.0032630492642974195;0.004706321048787465
00001667_Ni_00006;0.0;0.0037650569531732796;0.0;0.001945279473365906;0.0;0.002698290864000562
00001667_Ni_00009;1.48638168161011;1.3842858908919924;1.9330429224126355;1.8291273542147106;1.8921293049007175;1.7889667480934273
00001667_noNi_00000;0.0;0.0025100378736627633;0.006714351376253503;0.007404611770108893;0.0060240908397189786;0.007467362624209024
00001667_noNi_00001;0.0;0.0;0.0018197774798073736;0.0;0.0010667660891727176;0.0
