;e_dz;g;e_tz_gas;g_tz_gas;e_tz_solv;g_tz_solv
00000374_Ni_00005;0.826178968199214;0.7624240060512327;0.8623235136655653;0.798568551517584;0.8851021074475284;0.8213471452995471
00000374_Ni_00006;3.8754984867088274;4.518068184007305;3.8992183446577444;4.541788041956222;3.958957246222133;4.601526943520611
00000374_Ni_00010;6.854850699311743;6.846755827147779;6.681909089374073;6.673814217210109;6.898148852775105;6.89005398061114
00000374_noNi_00000;1.2746599864102073;1.263804072599482;1.154805677657452;1.1439497638467266;1.3574912364550973;1.346635322644372
00000374_noNi_00001;0.0;0.0;0.0;0.0;0.0;0.0
00000374_noNi_00002;0.8262417191246536;0.761796496582817;0.8621980117433462;0.7977527892015096;0.8849766055966489;0.8205313830548123
00000374_noNi_00003;0.8262417191246536;0.761796496582817;0.8622607627401255;0.7978155401982889;0.8851021074475284;0.8206568849056917
00000374_noNi_00004;3.8754984867088274;4.518068184007305;3.89840258234167;4.5409722796401475;3.958078732980619;4.600648430279096
00000374_noNi_00006;6.854850699311743;6.846128317679362;6.681909089374073;6.673186707741693;6.898086101849665;6.889363720217284
