;e_dz;g;e_tz_gas;g_tz_gas;e_tz_solv;g_tz_solv
00000497_Ni_00006;0.0;0.0025100378736627633;0.0018825284765866398;0.004392566350249403;0.0016942754862488414;0.004204313359911604
00000497_Ni_00007;6.275099677926619e-05;0.003765056810494145;0.0023217850260040993;0.0060240908397189786;0.0021962831751247015;0.00589858898883958
00000497_noNi_00000;0.0;0.003765056810494145;0.002447286876883497;0.006212343687377642;0.0023845360227833655;0.006149592833277511
00000497_noNi_00001;0.0;0.006275094684156908;0.0032630492642974195;0.009538143948454328;0.0026982907213214274;0.008973385405478335
00000497_noNi_00002;0.0;0.0;0.0;0.0;0.0;0.0
00000497_noNi_00003;0.0;0.003765056810494145;0.0025100378736627633;0.006275094684156908;0.0023845360227833655;0.006149592833277511
