;e_dz;g;e_tz_gas;g_tz_gas;e_tz_solv;g_tz_solv
00001812_noNi_00000;0.0;0.0;0.0;0.0;0.0;0.0
00001812_noNi_00001;0.03363450745000938;0.006902604223912166;0.04681220621539932;0.020080302989302107;0.07040656274147418;0.04367465951537697
