;e_dz;g;e_tz_gas;g_tz_gas;e_tz_solv;g_tz_solv
00000608_noNi_00000;0.012989446060410411;1.2531364116364152;0.5851525808314324;1.830947131694518;0.0;1.247677079196993
00000608_noNi_00001;0.0;0.2610439395743231;0.0;0.26669152486140385;0.007843868462205486;0.27641792165751683
00000608_noNi_00002;0.00872238170371954;0.0;0.0030747964166387555;0.0;0.00119226808273125;0.0
