;e_dz;g;e_tz_gas;g_tz_gas;e_tz_solv;g_tz_solv
00001403_noNi_00000;0.0;0.0;0.0;0.0;6.27509254396989e-05;0.0
00001403_noNi_00001;0.0;0.0006275094684156908;0.0;0.0006275094684156908;0.0;0.0005647585429759919
00001403_noNi_00002;0.0;0.009412642026235363;0.0018197774798073736;0.011232419506042736;0.0015060227099297446;0.010855913810725409
