;e_dz;g;e_tz_gas;g_tz_gas;e_tz_solv;g_tz_solv
00000257_noNi_00000;0.0;0.0;0.0035140529660562148;0.0019452793306867714;0.0017570264830281074;0.000188252847658664
00000257_noNi_00001;0.0009412642382933199;0.0025100378736627633;0.0;0.0;0.0;0.0
