;e_dz;g;e_tz_gas;g_tz_gas;e_tz_solv;g_tz_solv
00000417_noNi_00000;0.0;0.0006275095397552581;0.001506022781269312;0.00213353232102457;0.0013805207877107795;0.002008030327466038
00000417_noNi_00001;0.0;0.0;0.0006275093970761236;0.0006275093970761236;0.0005020075461967258;0.0005020075461967258
00000417_noNi_00002;0.0;0.0;0.0;0.0;0.0;0.0
