;e_dz;g;e_tz_gas;g_tz_gas;e_tz_solv;g_tz_solv
00000426_noNi_00000;0.42563967357493016;0.228413447074028;0.5197660939799629;0.32253986747906077;0.0;0.0
00000426_noNi_00001;0.0;0.0;0.0;0.0;0.1591991525579642;0.35642537905886634
00000426_noNi_00002;3.622800423214246;3.6226121703665877;3.861881531180001;3.8616932783323428;3.8871074119101876;4.084145385563431
