;e_dz;g;e_tz_gas;g_tz_gas;e_tz_solv;g_tz_solv
00001100_noNi_00000;0.0;0.1964104641134882;0.0;0.2056348532920649;0.0;0.07887794031539752
00001100_noNi_00001;0.0;0.19766548305031958;0.00031375476987762906;0.20720362699877393;0.00043925669209659413;0.0805722159443255
00001100_noNi_00002;0.23318251904825518;0.0;0.22395812986967847;0.0;0.35071504284634586;0.0
00001100_noNi_00003;4.77886111973719;5.908629169512115;4.921996029889445;6.060988468842946;5.30483955754721;6.317075083524044
