;e_dz;g;e_tz_gas;g_tz_gas;e_tz_solv;g_tz_solv
00000927_Ni_00006;1.8301941201612042;1.8775083343508376;2.022400270772102;2.069714484961735;2.2310471696980447;2.2783613838876784
00000927_Ni_00007;1.8302568711579834;1.8775083343508376;2.020768746282632;2.068020209475486;2.2296666487676546;2.276918111960509
00000927_noNi_00000;6.275099677926619e-05;0.0012550189368313817;0.0008157622447347876;0.0020080301847869033;0.000376505695317328;0.0015687736353694436
00000927_noNi_00001;1.8301941201612042;1.879390862684745;2.0226512746165395;2.0718480171400806;2.231423675393362;2.280620417916903
00000927_noNi_00002;0.0;0.0;0.0;0.0;0.0;0.0
