;e_dz;g;e_tz_gas;g_tz_gas;e_tz_solv;g_tz_solv
00000036_noNi_00000;0.0;0.0;0.0;0.0;0.0;0.0
00000036_noNi_00001;0.7311740344813276;0.4957324811898289;0.5562243942875313;0.32078284099603266;0.41497201254052385;0.1795304592490251
