;e_dz;g;e_tz_gas;g_tz_gas;e_tz_solv;g_tz_solv
00000779_noNi_00000;0.1950299431830983;0.0;0.2595379166503746;0.0;0.2257151563527066;0.0
00000779_noNi_00001;0.0;0.2861443183109507;0.0;0.22163634484367437;0.0;0.2554591051413424
00000779_noNi_00002;0.19509269417987757;0.0018825284765866398;0.26160869797461994;0.0038905588040526774;0.22778593753427276;0.003890558661373543
