;e_dz;g;e_tz_gas;g_tz_gas;e_tz_solv;g_tz_solv
00000274_Ni_00005;2.1757635853380055;2.707075853593889;2.274470825012286;2.805845844193609;2.4431453704505857;2.9745203896319086
00000274_Ni_00006;1.1860556492273573;1.5875989591580533;1.3458195603282974;1.747425621184433;1.404366193809955;1.8059722546660906
00000274_Ni_00007;6.1815957889863355;6.316510325052407;6.407750201959799;6.542727488951311;6.517062351600368;6.652039638591878
00000274_noNi_00000;0.0;0.003137547342078454;0.0010667660891727176;0.0042670643566908705;0.0011295170146124165;0.00432981528213057
00000274_noNi_00001;1.1860556492273573;1.5857164306814666;1.3480158435034222;1.7477393758829711;1.4061232203643226;1.8058467527438715
00000274_noNi_00002;0.0;0.0025100378736627633;0.0011922680113916828;0.003765056810494145;0.0011922679400521155;0.003765056739154578
00000274_noNi_00003;2.1757008343412263;2.707075853593889;2.2754748401046796;2.8069126102827817;2.4441493856143186;2.9755871557924207
00000274_noNi_00004;6.27509254396989e-05;0.0;0.0;0.0;0.0;0.0
00000274_noNi_00005;2.1757008343412263;2.7077033630623046;2.2747218287853843;2.806787108431902;2.44396113276666;2.976026412413178
