;e_dz;g;e_tz_gas;g_tz_gas;e_tz_solv;g_tz_solv
00000444_noNi_00000;0.0;0.0025100378736627633;0.0005020075461967258;0.0030120454198594893;0.0010667660891727176;0.003576803962835481
00000444_noNi_00001;1.6936480596056631;1.408758760231544;1.7567755121425497;1.4718862127684302;1.5855281779051476;1.300638878531028
00000444_noNi_00002;1.1055461843511505;0.668925095043276;0.9042411461985371;0.4676200568906626;0.5738574102572709;0.13723632094939633
00000444_noNi_00003;0.0;0.008785132557819672;0.0030747964166387555;0.011859928974458428;0.0033885511151768174;0.01217368367299649
00000444_noNi_00004;1.1055461843511505;0.6695526045830313;0.904178395344437;0.46818481557631775;0.5741084141017088;0.13811483433358954
00000444_noNi_00005;1.1055461843511505;0.6714351329169388;0.9048686557382923;0.4707576043040806;0.5746731726446848;0.140562121210473
00000444_noNi_00006;1.1055461843511505;0.6708076235198627;0.9046176518938545;0.46987909106256653;0.5744221688002469;0.13968360796895896
00000444_noNi_00007;1.1055461843511505;0.6714351329169388;0.904743153887413;0.4706321024532012;0.5746731726446848;0.140562121210473
00000444_noNi_00008;0.0;0.0;0.0;0.0;0.0;0.0
