;e_dz;g;e_tz_gas;g_tz_gas;e_tz_solv;g_tz_solv
00000292_Ni_00001;0.0;0.0;0.0003137546985380618;0.0;0.0;0.0
00000292_Ni_00002;0.0;0.004392566207570269;0.0009412640956141853;0.0050200756046463926;0.0010667660891727176;0.005459332296742987
00000292_noNi_00000;6.275085410013161e-05;0.003765056810494145;0.0;0.003388551257855952;6.275085410013161e-05;0.003765056810494145
00000292_noNi_00001;0.32994447924916964;0.3683480588874249;0.43015774163337983;0.46824756657309696;0.39890777006347466;0.4373113497017299
00000292_noNi_00002;3.8380989222343054;3.2159860336917867;3.9217459345952697;3.299319291354213;3.488325143697592;2.866212255155074
00000292_noNi_00003;5.980165248982843;5.8044625973984125;6.250810083502399;6.07479367721943;5.5744803766890145;5.398777725104583
00000292_noNi_00004;4.6334671754843715;3.425574196713344;4.722636271138858;3.5144295376692924;4.696845632008374;3.4889526532373476
