;e_dz;g;e_tz_gas;g_tz_gas;e_tz_solv;g_tz_solv
00000508_Ni_00008;6.006897152636977;5.885411319038055;6.230667029516319;6.109243946914175;5.849455026562041;5.728031943959898
00000508_Ni_00009;6.006834401640198;5.884156300101224;6.227654984096459;6.105039633554263;5.846317479148624;5.723702128606428
00000508_noNi_00000;6.275099677926619e-05;0.0;0.0;0.0;0.0;0.0
00000508_noNi_00001;2.633280740022596;2.0249730596425435;2.7681952759459882;2.1599503465627152;2.5103516347818626;1.9021067053985894
00000508_noNi_00002;2.633280740022596;2.0249730596425435;2.7679442721015506;2.159699342718277;2.5101006309374245;1.9018557015541515
00000508_noNi_00003;0.0;0.0012550189368313817;0.0015687736353694436;0.0028865435689800914;0.0011295170859519838;0.0024472870195626317
00000508_noNi_00004;6.006834401640198;5.885411319038055;6.229349259582707;6.107988927977344;5.847949003780772;5.726588672175408
