;e_dz;g;e_tz_gas;g_tz_gas;e_tz_solv;g_tz_solv
00000767_noNi_00000;6.275099677926619e-05;0.0;0.0;0.0;0.0;0.0
00000767_noNi_00001;0.0;0.0;0.000188252847658664;0.0002510038444379302;0.00043925654941745956;0.0005020075461967258
00000767_noNi_00002;0.0;0.0;0.000376505695317328;0.00043925669209659413;0.0005020075461967258;0.0005647585429759919
