;e_dz;g;e_tz_gas;g_tz_gas;e_tz_solv;g_tz_solv
00000212_noNi_00000;0.0;0.0025100378736627633;0.0;0.0017570264830281074;0.0;0.0022590341719039677
00000212_noNi_00001;0.4236943942442434;0.2572788826211498;0.5940632152401315;0.42689469222640325;0.3192140673606632;0.15254755203581086
00000212_noNi_00002;1.9481659006513914;3.337722870849789;2.0698399868126143;3.4586439456203775;2.5577913506796963;3.947097317176335
00000212_noNi_00003;0.0;0.0;0.000753011390634656;0.0;0.0002510037017587956;0.0
00000212_noNi_00004;0.0;0.003765056810494145;0.000188252847658664;0.0032002982675181533;0.0006275093970761236;0.004141562505811473
00000212_noNi_00005;1.9481659006513914;3.3383503803895445;2.0680202093328073;3.4574516776803255;2.556348078895206;3.9462815549316
