;e_dz;g;e_tz_gas;g_tz_gas;e_tz_solv;g_tz_solv
00000752_Ni_00000;0.0776856723753454;0.0;0.04411391577943616;0.0;0.0;0.0
00000752_Ni_00001;0.17061982484032606;0.07153607954206789;0.18266800666244315;0.11715601796009423;0.1698668134496914;0.14846874052677864
00000752_Ni_00005;0.044615923325632884;0.02259034086296487;0.09939749999679622;0.11094367413003745;0.15951290725650227;0.21517299716917968
00000752_noNi_00000;0.0;0.010040151494651053;0.0;0.0436119080905603;0.039219341882990026;0.12694516575298648
