;e_dz;g;e_tz_gas;g_tz_gas;e_tz_solv;g_tz_solv
00001797_Ni_00014;0.0028237924295216907;0.0037650569531732796;0.023155099405940863;0.005961339700260577;0.0094126423829332;0.0052710797344425915
00001797_Ni_00015;0.005082826601425659;0.0018825284765866398;0.023217850260040994;0.0018825279058701015;0.008283125296981214;0.0
00001797_Ni_00019;0.00025100341640052644;0.07467362709816505;0.0205823103928197;0.07686990984525234;0.01179717826303743;0.08113697477265976
00001797_Ni_00020;0.0005647582576177228;0.03137547327810541;0.02108431836705383;0.03376000915820964;0.010855914310102379;0.03658380215844787
00001797_Ni_00021;0.004580819197908067;0.01882528419514986;0.023343352538957796;0.019452793306867715;0.030873465874587818;0.040035103699687415
00001797_Ni_00025;0.0006275091117178544;0.061495928332775104;0.019452793306867715;0.06218618829859309;0.007530113906346559;0.06331570595526162
00001797_Ni_00028;0.002133531892987166;0.0527107956322763;0.0;0.03244223950995726;0.0;0.04549443656714694
00001797_Ni_00031;0.0;0.053965814426428546;0.020017552135201976;0.05584834233229865;0.008910634979415608;0.057793622233701956
00001797_noNi_00000;0.005584834004943249;0.0;0.023719858234275124;0.0;0.01311494791128981;0.0024472867342043626
