;e_dz;g;e_tz_gas;g_tz_gas;e_tz_solv;g_tz_solv
00000761_Ni_00013;0.0;0.016315246178807963;0.0;0.016064242477049167;0.0;0.015813238489932102
00000761_noNi_00003;0.0;0.0;0.0002510037017587956;0.0;0.0005020076888758604;0.0
