;e_dz;g;e_tz_gas;g_tz_gas;e_tz_solv;g_tz_solv
00001741_noNi_00000;0.0;0.0;0.0;0.0;0.0;0.0
00001741_noNi_00001;0.6022835891122961;0.6915154360489201;1.0916154739097677;1.1808473208463917;1.2049436842052677;1.2941755311418917
00001741_noNi_00002;0.8002628268611537;0.7410886841250992;1.5089720223303957;1.4497978795943414;1.5675814070941907;1.5084072643581363
