;e_dz;g;e_tz_gas;g_tz_gas;e_tz_solv;g_tz_solv
00000911_Ni_00001;0.021523574773792152;1.5210829552919714;0.9535633906442971;1.9695012226488644;0.7967487740377766;1.906436520823399
00000911_Ni_00002;0.021523574773792152;1.5242205026340496;0.9523711226329054;1.9714465019795513;0.7963095174170196;1.9091348115447204
00000911_noNi_00000;0.0;0.0018825284052470725;0.677208220054899;0.19546919994653444;0.7710836366868334;0.38309453135952387
00000911_noNi_00001;0.0;0.0;0.6765807105864833;0.1929591620728717;0.7705188782151969;0.38064724448264037
00000911_noNi_00002;0.021523574773792152;1.5223379742288026;0.9538143944173954;1.9710072453587943;0.7970625287363147;1.9080052944587684
00000911_noNi_00003;0.21598875955659358;0.5070276517639905;0.22521314880650986;0.03263049250029506;0.09883274152515979;0.0
00000911_noNi_00004;0.02842617899770432;0.512047727511316;0.0;0.0;0.0;0.093749914781055
