;e_dz;g;e_tz_gas;g_tz_gas;e_tz_solv;g_tz_solv
00000721_Ni_00004;0.0;0.0006275093970761236;0.0006902603938553898;0.0013177697909315133;0.00031375484121719634;0.0009412642382933199
00000721_Ni_00006;1.614644617154028;1.9691247168822077;1.6748227754105134;2.029302875138693;1.8663386657702346;2.220818765498414
00000721_noNi_00000;6.275085410013161e-05;0.0;0.0003137546985380618;0.0002510038444379302;0.0010667662318518522;0.0010040153777517208
00000721_noNi_00001;0.7232046641682427;0.6927704548430723;0.6908251755123855;0.6603909661872152;0.5985185325871601;0.5680843232619898
00000721_noNi_00002;1.614644617154028;1.970379735819039;1.675011028258172;2.030746146923183;1.8667151714655519;2.222450290130563
00000721_noNi_00004;1.6145818662999278;1.9728897736927018;1.6770190585856382;2.035326965978412;1.8694762130409734;2.227784120433747
00000721_noNi_00005;0.0;0.0006275093970761236;0.0005647585429759919;0.0011922679400521155;0.0010667662318518522;0.001694275628927976
00000721_noNi_00006;0.0;0.0;0.0;0.0;0.0;0.0
00000721_noNi_00007;0.0;0.0006275093970761236;0.000188252847658664;0.0008157622447347876;0.000376505695317328;0.0010040150923934516
