;e_dz;g;e_tz_gas;g_tz_gas;e_tz_solv;g_tz_solv
00001714_Ni_00005;1.3076042336090405;1.64470232092656;1.4019816578585111;1.739079745176031;1.284323632209541;1.6214217195270608
00001714_noNi_00000;0.0;0.0;0.0;0.0;0.0;0.0
00001714_noNi_00001;1.3076042336090405;1.6434473019897289;1.401354148461435;1.7371972168421235;1.2833823679712477;1.619225436351936
00001714_noNi_00002;1.3076042336090405;1.6459573398633915;1.4035504314938805;1.7419035377482317;1.2863316625370071;1.6246847687913581
00001714_noNi_00003;1.3076042336090405;1.6459573398633915;1.4017306541567522;1.7400837604111035;1.284323632209541;1.6226767384638923
