;e_dz;g;e_tz_gas;g_tz_gas;e_tz_solv;g_tz_solv
00001823_Ni_00006;3.2529463414028728;5.739829121937578;3.521394892747305;6.008277673282009;3.8074137094927343;6.294296490027439
00001823_Ni_00007;2.970755332750075;5.486942805523998;3.2886516301771276;5.804839102951051;3.421746389191429;5.937933861965352
00001823_noNi_00000;0.0;0.0;0.0;0.0;0.0;0.0
00001823_noNi_00001;0.6488447919112948;2.941136885669639;0.8597507247237837;3.152042818482128;1.1106290109525763;3.402921104710921
00001823_noNi_00002;0.6488447919112948;2.941764395352074;0.8585584567837315;3.1514780602245103;1.1096877469996411;3.40260735044042
00001823_noNi_00003;0.6488447919112948;2.94239190474915;0.8584957059296314;3.1520428187674865;1.1097504978537414;3.403297610691596
00001823_noNi_00005;0.6488447919112948;2.94239190474915;0.8591232153267075;3.1526703281645627;1.1102525055426171;3.4037996183804724
00001823_noNi_00006;2.970755332750075;5.4863152961269215;3.2872711093894167;5.8028310727662635;3.420365868403718;5.9359258317805645
00001823_noNi_00007;2.970755332750075;5.490707862477171;3.2894673927072207;5.809419922434317;3.4224994005820637;5.94245193030916
