;e_dz;g;e_tz_gas;g_tz_gas;e_tz_solv;g_tz_solv
00001282_Ni_00003;0.0;0.0025100378736627633;0.0008785133841931883;0.003388551257855952;0.0010040150923934516;0.0035140529660562148
00001282_Ni_00004;0.6530491054138856;0.7442262313958381;0.5328810420339318;0.6240581680158844;0.29869450767926453;0.3898716336612171
00001282_noNi_00000;0.0;0.0018825283339075052;0.00119226808273125;0.0030747964166387555;0.0011922679400521155;0.003074796273959621
00001282_noNi_00001;0.0;0.0;0.0;0.0;0.0;0.0
00001282_noNi_00002;6.275085410013161e-05;0.0006275093970761236;0.0014432717844900457;0.002008030327466038;0.0013177697909315133;0.0018825283339075052
00001282_noNi_00003;0.6531118562679857;0.7454812503326694;0.5328182910371526;0.6251876851018364;0.29894551152370247;0.3913149055883862
00001282_noNi_00004;0.6531118562679857;0.7442262313958381;0.5330692948815905;0.624183670009443;0.2988200095301439;0.38993438465799635
