;e_dz;g;e_tz_gas;g_tz_gas;e_tz_solv;g_tz_solv
00000128_Ni_00001;0.0;0.0;0.0008785132415140537;0.0;0.0012550189368313817;0.0
00000128_Ni_00002;0.0;0.0006275094684156908;0.0028237926435403923;0.0025727888704420296;0.0028237926435403923;0.0021962831751247015
00000128_noNi_00000;0.0;0.0012550189368313817;0.00294929449441979;0.0033258001897371182;0.003137547342078454;0.003137547342078454
00000128_noNi_00001;0.0;0.0018825284052470725;0.0;0.001004015163733019;0.0;0.0006275094684156908
