;e_dz;g;e_tz_gas;g_tz_gas;e_tz_solv;g_tz_solv
00001045_Ni_00003;0.0;0.0006275093970761236;6.275099677926619e-05;0.0006902603938553898;6.275099677926619e-05;0.0006902603938553898
00001045_noNi_00000;0.0;0.0;0.0;0.0;0.0;0.0
00001045_noNi_00001;0.0;0.005020075747325527;0.0035140529660562148;0.008534128713381741;0.0030747964166387555;0.008094872163964283
00001045_noNi_00002;0.0;0.0018825283339075052;0.0006902603938553898;0.002572788727762895;0.0006902605365345243;0.0025727888704420296
00001045_noNi_00003;0.04135287406133546;0.03388551129444731;0.056224848455653384;0.04875748568876522;0.045682689414805605;0.03821532664791744
