;e_dz;g;e_tz_gas;g_tz_gas;e_tz_solv;g_tz_solv
00000195_Ni_00006;2.4748345988552667;3.797059803014187;2.5876608014618907;3.9090702432333972;2.6677310098600193;3.9851871422587313
00000195_Ni_00007;0.0;0.0;0.0008157623874139222;0.0;0.005773087137960183;0.0010040153777517208
00000195_noNi_00000;0.0008785133841931883;0.0056475851444016505;0.0;0.00395330937279454;0.0;0.0
00000195_noNi_00001;2.4748345988552667;3.7989423313480946;2.58772355245867;3.911015522564084;2.6683585192570956;3.987697179989715
