;e_dz;g;e_tz_gas;g_tz_gas;e_tz_solv;g_tz_solv
00000458_Ni_00005;0.6186615864305623;2.1021567244716923;0.7385786461087573;2.353035010557806;1.1056716860593507;3.1011518006150176
00000458_Ni_00008;0.8661513214014991;0.0;0.7351900949935805;0.0;0.35416634488696236;0.0
00000458_noNi_00000;0.8661513214014991;0.0012550189368313817;0.7352528459903598;0.0013177699336106479;0.35378983919164503;0.0008785132415140537
00000458_noNi_00001;0.6186615864305623;2.1034117434085235;0.740461174585344;2.356172557971224;1.1074287126850582;3.1041638461775563
00000458_noNi_00002;0.4341110512915326;1.8505254269949443;0.2393948628069724;1.7867704649183025;1.3368461748514795;3.265245527069428
00000458_noNi_00003;0.8661513214014991;0.0006275095397552581;0.735315596987139;0.0007530115333137905;0.35422909574106254;0.0006902603938553898
00000458_noNi_00006;0.8661513214014991;0.0012550189368313817;0.7350645931427011;0.0011295170859519838;0.3533505824995485;0.00043925654941745956
00000458_noNi_00007;0.0;0.7555214019699996;0.0;0.8864826283779182;0.0;1.2675063784845364
