;e_dz;g;e_tz_gas;g_tz_gas;e_tz_solv;g_tz_solv
00001410_noNi_00000;0.0;0.0;0.0;0.0;0.0;0.0
00001410_noNi_00001;0.0;0.0025100378736627633;0.0003137546985380618;0.0028237925722008252;0.000376505695317328;0.0028865435689800914
00001410_noNi_00002;0.0;0.00941264209757493;0.0008157623160743549;0.010228404413649285;0.000376505695317328;0.009789147792892259
