;e_dz;g;e_tz_gas;g_tz_gas;e_tz_solv;g_tz_solv
00000442_Ni_00006;0.704379380115772;0.7743466860224704;0.7537643753442924;0.8237316812509908;0.4841863070565876;0.554153612963286
00000442_noNi_00000;0.0;0.0;0.0;0.0;0.0;0.0
00000442_noNi_00001;0.04574544041158487;0.0922438922138044;0.10579809667451166;0.15229654847673119;0.04204313445519085;0.08854158625741038
00000442_noNi_00002;0.5259156868132404;0.694652983319659;0.5480040201300086;0.7167413166364272;0.3559861222240906;0.5247234187305092
00000442_noNi_00003;0.704379380115772;0.7743466860224704;0.7506268279308744;0.8205941338375728;0.4812370124908283;0.5512043183975267
