;e_dz;g;e_tz_gas;g_tz_gas;e_tz_solv;g_tz_solv
00001699_noNi_00000;0.0;0.005020075747325527;0.0008785132415140537;0.00589858898883958;0.0005647585429759919;0.005584834290301518
00001699_noNi_00001;0.0;0.0;0.0;0.0;0.0;0.0
00001699_noNi_00002;0.0;0.008157623160743548;0.0006902603938553898;0.008847883554598939;0.000376505695317328;0.008534128856060877
