;e_dz;g;e_tz_gas;g_tz_gas;e_tz_solv;g_tz_solv
00001047_noNi_00000;0.0;0.0;0.0;0.0;0.0;0.0
00001047_noNi_00001;1.7510651760727083;1.6045417148052767;1.840234271727195;1.6937108104597633;1.5184474154960896;1.371923954228658
