;e_dz;g;e_tz_gas;g_tz_gas;e_tz_solv;g_tz_solv
00000099_Ni_00007;0.0;0.0018825284765866398;0.0002510038444379302;0.00213353232102457;0.0010040150923934516;0.0028865435689800914
00000099_noNi_00000;0.0;0.0031375474134180217;0.0015687737780485781;0.0047063211914666;0.002259034029224833;0.005396581442642855
00000099_noNi_00001;0.0;0.0012550189368313817;0.0;0.0012550189368313817;0.0005020075461967258;0.0017570264830281074
00000099_noNi_00002;0.0;0.0012550189368313817;0.0006902603938553898;0.0019452793306867714;0.0013177697909315133;0.002572788727762895
00000099_noNi_00003;0.0;0.002510038016341898;0.0023845360227833655;0.004894574039125263;0.0028865435689800914;0.00539658158532199
00000099_noNi_00004;6.275099677926619e-05;0.005647585287080785;0.005710336283860051;0.01129517057416157;0.005584834290301518;0.011169668580603037
00000099_noNi_00005;0.0;0.0;0.0;0.0;0.0;0.0
00000099_noNi_00006;0.0;0.0012550189368313817;0.0005020076888758604;0.001757026625707242;0.0011295169432728493;0.002384535880104231
