;e_dz;g;e_tz_gas;g_tz_gas;e_tz_solv;g_tz_solv
00001688_Ni_00004;3.220127596197598;3.458832198682055;3.3574894192118925;3.3771932166485565;3.353347856777421;3.2913499211838073
00001688_noNi_00000;0.0;0.30120454562426685;0.0;0.0822037405764742;0.0;0.0005020075461967258
00001688_noNi_00001;0.779429512623896;0.0;0.9984303176716887;0.0;1.1416907297461623;0.0615586790441961
00001688_noNi_00002;0.0;0.29994952668743546;0.0005020075461967258;0.08145072918583955;0.000753011390634656;0.0
00001688_noNi_00003;3.220127596197598;3.4594597081504705;3.3552303851113283;3.375561692016408;3.3510888226768563;3.2897183965516583
00001688_noNi_00004;3.2201903471943774;3.458204689213639;3.3542263699475954;3.373239906919064;3.3498965546654644;3.287208358606656
00001688_noNi_00005;3.220127596197598;3.458204689213639;3.355795143654304;3.3748714316225525;3.3515280792976134;3.2889026342355843
