;e_dz;g;e_tz_gas;g_tz_gas;e_tz_solv;g_tz_solv
00000492_noNi_00000;0.0;0.0;0.0;0.0;0.0;0.0
00000492_noNi_00001;0.11684226326155617;0.0483182292820269;0.07774842322944553;0.009224389249916266;0.08565504268843029;0.017131008708901017
